,filename,label,fractal_dimension,entropy,lacunarity,SRE,LRE,GLU,sizes,counts
0,GBM-Grade IV Age-47.jpg,GBM-Grade IV Age-47.jpg,1.8364875717988036,5.525404129607832,0.02307464043830587,2.678,24.538,107.872,[256 128  64  32  16   8   4],"[1, 4, 16, 57, 197, 675, 2049]"
1,GBM-Grade IV Age-47_0.jpg,GBM-Grade IV Age-47.jpg,1.782981990211036,5.639870107605651,0.01690706751723399,2.496,36.366,125.189,[256 128  64  32  16   8   4],"[1, 4, 16, 54, 185, 608, 1587]"
2,GBM-Grade IV Age-47_1.jpg,GBM-Grade IV Age-47.jpg,1.7494471030103205,5.279966087643166,0.01706958076420509,2.615,34.413,119.413,[256 128  64  32  16   8   4],"[1, 4, 16, 49, 168, 545, 1419]"
3,GBM-Grade IV Age-47_2.jpg,GBM-Grade IV Age-47.jpg,1.8097243532674825,5.956050717094941,0.019066290623018747,2.516,37.18,124.726,[256 128  64  32  16   8   4],"[1, 4, 16, 56, 200, 666, 1730]"
4,GBM-Grade IV Age-47_3.jpg,GBM-Grade IV Age-47.jpg,1.7960768812939878,5.635928512580624,0.020041082089205055,2.546,25.482,112.412,[256 128  64  32  16   8   4],"[1, 4, 15, 52, 185, 634, 1644]"
5,GBM-Grade IV Age-47_4.jpg,GBM-Grade IV Age-47.jpg,1.7234556414448094,4.946085671325637,0.01415481182941437,2.569,33.561,118.139,[256 128  64  32  16   8   4],"[1, 4, 15, 46, 154, 497, 1285]"
6,GBM-Grade IV-1.jpg,GBM-Grade IV-1.jpg,1.7923672413524316,5.766148414217061,0.023017804160430144,2.455,26.833,117.403,[256 128  64  32  16   8   4],"[1, 4, 16, 57, 192, 624, 1637]"
7,GBM-Grade IV-1_0.jpg,GBM-Grade IV-1.jpg,1.5281834237184457,5.119716424985497,0.014898473935412826,2.374,34.206,127.696,[256 128  64  32  16   8   4],"[1, 4, 12, 39, 113, 284, 543]"
8,GBM-Grade IV-1_1.jpg,GBM-Grade IV-1.jpg,1.5630565397057419,5.289335856727195,0.0164368104264181,2.456,29.777,120.049,[256 128  64  32  16   8   4],"[1, 4, 11, 38, 125, 321, 589]"
9,GBM-Grade IV-1_2.jpg,GBM-Grade IV-1.jpg,1.5720272870123186,5.242954617593427,0.015826050252753833,2.364,30.132,122.805,[256 128  64  32  16   8   4],"[1, 4, 15, 45, 131, 330, 669]"
10,GBM-Grade IV-1_3.jpg,GBM-Grade IV-1.jpg,1.6325643361683189,5.7670805800511316,0.017836220661733775,2.339,29.659,123.264,[256 128  64  32  16   8   4],"[1, 4, 15, 48, 147, 397, 842]"
11,GBM-Grade IV-1_4.jpg,GBM-Grade IV-1.jpg,1.5930475682562009,5.384507728512818,0.016154584853472775,2.426,34.937,125.617,[256 128  64  32  16   8   4],"[1, 4, 14, 48, 137, 346, 715]"
12,GBM-Grade IV-10.jpg,GBM-Grade IV-10.jpg,1.8389175687135202,5.511137408066931,0.04833639924512406,2.743,23.562,101.445,[256 128  64  32  16   8   4],"[1, 4, 16, 58, 202, 682, 2050]"
13,GBM-Grade IV-10_0.jpg,GBM-Grade IV-10.jpg,1.738774595749088,5.258775945401094,0.03753087796543618,2.776,17.305,97.557,[256 128  64  32  16   8   4],"[1, 4, 15, 50, 170, 540, 1299]"
14,GBM-Grade IV-10_1.jpg,GBM-Grade IV-10.jpg,1.742851900644268,5.081600160438114,0.037970142224046884,2.712,17.181,99.083,[256 128  64  32  16   8   4],"[1, 4, 15, 47, 164, 531, 1365]"
15,GBM-Grade IV-10_2.jpg,GBM-Grade IV-10.jpg,1.7622773719405291,5.63389330547345,0.041469758895835866,2.693,17.988,100.209,[256 128  64  32  16   8   4],"[1, 4, 15, 52, 184, 584, 1398]"
16,GBM-Grade IV-10_3.jpg,GBM-Grade IV-10.jpg,1.7944194260727562,6.188598774909006,0.04766349522498925,2.739,16.118,96.726,[256 128  64  32  16   8   4],"[1, 4, 16, 59, 206, 667, 1550]"
17,GBM-Grade IV-10_4.jpg,GBM-Grade IV-10.jpg,1.7632868995382533,5.770308669935933,0.04084595786835583,2.771,15.652,95.585,[256 128  64  32  16   8   4],"[1, 4, 15, 51, 184, 581, 1412]"
18,GBM-Grade IV-11.jpg,GBM-Grade IV-11.jpg,1.9053474212323953,6.160092263720637,0.032620252832669845,2.908,13.685,90.206,[256 128  64  32  16   8   4],"[1, 4, 16, 60, 212, 787, 2818]"
19,GBM-Grade IV-11_0.jpg,GBM-Grade IV-11.jpg,1.853362374977118,6.03960806519117,0.022342826375130482,2.796,14.543,93.401,[256 128  64  32  16   8   4],"[1, 4, 15, 47, 181, 682, 2285]"
20,GBM-Grade IV-11_1.jpg,GBM-Grade IV-11.jpg,1.8856224290174444,6.249632215891576,0.024698113282755573,2.83,14.912,93.5,[256 128  64  32  16   8   4],"[1, 4, 15, 52, 198, 752, 2560]"
21,GBM-Grade IV-11_2.jpg,GBM-Grade IV-11.jpg,1.8824372805288896,6.0288664874447555,0.022678740894536878,2.799,14.573,93.266,[256 128  64  32  16   8   4],"[1, 4, 15, 52, 197, 744, 2530]"
22,GBM-Grade IV-11_3.jpg,GBM-Grade IV-11.jpg,1.8584690065411924,5.9259500034512955,0.02173966769536359,2.725,16.92,98.466,[256 128  64  32  16   8   4],"[1, 4, 16, 56, 190, 690, 2356]"
23,GBM-Grade IV-11_4.jpg,GBM-Grade IV-11.jpg,1.8861504340289261,6.217543662260169,0.024988050651268513,2.824,14.703,93.16,[256 128  64  32  16   8   4],"[1, 4, 15, 53, 200, 749, 2567]"
24,GBM-Grade IV-12.jpg,GBM-Grade IV-12.jpg,1.8459738946808373,5.340936680394344,0.0270460980584653,2.838,16.995,96.029,[256 128  64  32  16   8   4],"[1, 4, 16, 57, 193, 659, 2229]"
25,GBM-Grade IV-12_0.jpg,GBM-Grade IV-12.jpg,1.8438380213256043,5.860992845614669,0.024029028035695593,2.715,18.356,100.507,[256 128  64  32  16   8   4],"[1, 4, 16, 58, 195, 686, 2133]"
26,GBM-Grade IV-12_1.jpg,GBM-Grade IV-12.jpg,1.818267805556105,5.550755684913085,0.02505653817149183,2.668,30.846,112.466,[256 128  64  32  16   8   4],"[1, 4, 16, 51, 177, 632, 1972]"
27,GBM-Grade IV-12_2.jpg,GBM-Grade IV-12.jpg,1.7850403570572366,5.089708141084474,0.017748585057517266,2.515,42.405,126.891,[256 128  64  32  16   8   4],"[1, 4, 15, 44, 157, 563, 1750]"
28,GBM-Grade IV-12_3.jpg,GBM-Grade IV-12.jpg,1.8334500462701753,5.716631732675968,0.01846712364095931,2.563,52.343,129.329,[256 128  64  32  16   8   4],"[1, 4, 15, 52, 185, 668, 2022]"
29,GBM-Grade IV-12_4.jpg,GBM-Grade IV-12.jpg,1.8072819354453313,5.519641051806809,0.022759759609899354,2.649,20.354,103.574,[256 128  64  32  16   8   4],"[1, 4, 16, 49, 174, 618, 1875]"
30,GBM-Grade IV-2.jpg,GBM-Grade IV-2.jpg,1.8535532057779283,5.4022528082732535,0.016932596127277093,2.452,25.595,115.192,[256 128  64  32  16   8   4],"[1, 4, 16, 59, 204, 706, 2195]"
31,GBM-Grade IV-2_0.jpg,GBM-Grade IV-2.jpg,1.8152634650702009,5.782885519523877,0.013521395123099758,2.36,30.604,123.445,[256 128  64  32  16   8   4],"[1, 4, 15, 52, 190, 647, 1820]"
32,GBM-Grade IV-2_1.jpg,GBM-Grade IV-2.jpg,1.8139067974041605,5.631349460051242,0.013243854135672962,2.387,26.901,117.743,[256 128  64  32  16   8   4],"[1, 4, 14, 51, 187, 650, 1767]"
33,GBM-Grade IV-2_2.jpg,GBM-Grade IV-2.jpg,1.8094534108401361,5.678850145656287,0.013252662735799144,2.309,34.002,128.396,[256 128  64  32  16   8   4],"[1, 4, 16, 56, 197, 644, 1775]"
34,GBM-Grade IV-2_3.jpg,GBM-Grade IV-2.jpg,1.809390813250918,5.650395417886618,0.013672934649887216,2.392,28.922,120.462,[256 128  64  32  16   8   4],"[1, 4, 16, 55, 192, 640, 1797]"
35,GBM-Grade IV-2_4.jpg,GBM-Grade IV-2.jpg,1.7475805141677334,5.015994993700215,0.010750368073932863,2.4,37.421,127.534,[256 128  64  32  16   8   4],"[1, 4, 14, 46, 156, 519, 1420]"
36,GBM-Grade IV-3.jpg,GBM-Grade IV-3.jpg,1.6380952774398547,4.861284806373919,0.016444426420444382,2.329,127.324,189.997,[256 128  64  32  16   8   4],"[1, 4, 16, 53, 157, 412, 851]"
37,GBM-Grade IV-3_0.jpg,GBM-Grade IV-3.jpg,1.497076461610393,4.9930093824067425,0.020241118342591215,2.357,40.126,130.991,[256 128  64  32  16   8   4],"[1, 4, 14, 43, 115, 256, 498]"
38,GBM-Grade IV-3_1.jpg,GBM-Grade IV-3.jpg,1.3970869850768557,4.89592406805225,0.021323360121567377,2.418,254.138,226.285,[256 128  64  32  16   8   4],"[1, 4, 14, 35, 87, 183, 358]"
39,GBM-Grade IV-3_2.jpg,GBM-Grade IV-3.jpg,1.4949849049790087,4.7281709185136425,0.019359379064553293,2.265,40.127,135.117,[256 128  64  32  16   8   4],"[1, 4, 13, 42, 109, 241, 508]"
40,GBM-Grade IV-3_3.jpg,GBM-Grade IV-3.jpg,1.4874945569236722,4.869382122195379,0.017055253855112976,2.063,772.261,422.61,[256 128  64  32  16   8   4],"[1, 4, 14, 43, 109, 244, 492]"
41,GBM-Grade IV-3_4.jpg,GBM-Grade IV-3.jpg,1.4714128995553168,4.772018378426779,0.018932726504381506,2.181,56.595,150.347,[256 128  64  32  16   8   4],"[1, 4, 14, 37, 101, 233, 469]"
42,GBM-Grade IV-4.jpg,GBM-Grade IV-4.jpg,1.6933201684710875,5.533693251014159,0.015864125600347275,2.361,39.091,132.159,[256 128  64  32  16   8   4],"[1, 4, 16, 56, 170, 484, 1064]"
43,GBM-Grade IV-4_0.jpg,GBM-Grade IV-4.jpg,1.4896932907550142,5.038287092247318,0.014953369991295635,2.252,87.707,177.528,[256 128  64  32  16   8   4],"[1, 4, 14, 36, 100, 243, 515]"
44,GBM-Grade IV-4_1.jpg,GBM-Grade IV-4.jpg,1.4821177098750773,4.739929600067406,0.013166380171638323,2.249,36.312,131.825,[256 128  64  32  16   8   4],"[1, 4, 12, 36, 96, 232, 487]"
45,GBM-Grade IV-4_2.jpg,GBM-Grade IV-4.jpg,1.5242172177094897,5.440828295350464,0.015026317153902609,2.244,30.218,125.4,[256 128  64  32  16   8   4],"[1, 4, 14, 43, 119, 271, 565]"
46,GBM-Grade IV-4_3.jpg,GBM-Grade IV-4.jpg,1.5106985053673387,5.351834190028515,0.014409900170343999,2.267,50.628,145.005,[256 128  64  32  16   8   4],"[1, 4, 14, 38, 103, 261, 557]"
47,GBM-Grade IV-4_4.jpg,GBM-Grade IV-4.jpg,1.487163213812828,5.18476671973228,0.01579396359182779,2.201,44.973,140.271,[256 128  64  32  16   8   4],"[1, 4, 15, 40, 109, 245, 501]"
48,GBM-Grade IV-5.jpg,GBM-Grade IV-5.jpg,1.51680038776192,5.816775846598258,0.015260377281977388,2.094,145.365,214.708,[256 128  64  32  16   8   4],"[1, 4, 16, 49, 125, 292, 527]"
49,GBM-Grade IV-5_0.jpg,GBM-Grade IV-5.jpg,1.3605186181252589,5.83306994278341,0.021061571892470772,2.242,86.548,177.265,[256 128  64  32  16   8   4],"[1, 4, 13, 32, 76, 165, 309]"
50,GBM-Grade IV-5_1.jpg,GBM-Grade IV-5.jpg,1.3418707893145572,6.167319603336458,0.022358239670627826,2.2,74.684,170.574,[256 128  64  32  16   8   4],"[1, 4, 14, 33, 71, 153, 302]"
51,GBM-Grade IV-5_2.jpg,GBM-Grade IV-5.jpg,1.3687339635066187,5.507039721766028,0.019011224466860727,2.128,104.16,194.165,[256 128  64  32  16   8   4],"[1, 4, 14, 34, 82, 171, 318]"
52,GBM-Grade IV-5_3.jpg,GBM-Grade IV-5.jpg,1.2506967276999577,5.466591623164147,0.017579816856275732,2.253,45.386,142.591,[256 128  64  32  16   8   4],"[1, 4, 13, 29, 60, 115, 209]"
53,GBM-Grade IV-5_4.jpg,GBM-Grade IV-5.jpg,1.3321842181224635,6.239310318919373,0.02422232772067978,2.18,109.398,196.463,[256 128  64  32  16   8   4],"[1, 4, 14, 31, 70, 153, 285]"
54,GBM-Grade IV-9.jpg,GBM-Grade IV-9.jpg,1.7843883947657406,5.891072803523546,0.05408307834307632,2.588,21.784,107.869,[256 128  64  32  16   8   4],"[1, 4, 16, 57, 196, 642, 1515]"
55,GBM-Grade IV-9_0.jpg,GBM-Grade IV-9.jpg,1.5935311571008295,5.901457037000531,0.03790998916938254,2.584,23.789,110.375,[256 128  64  32  16   8   4],"[1, 4, 14, 47, 148, 349, 695]"
56,GBM-Grade IV-9_1.jpg,GBM-Grade IV-9.jpg,1.5977743781095588,6.106484767061416,0.03681152382700312,2.49,23.665,112.449,[256 128  64  32  16   8   4],"[1, 4, 15, 50, 148, 357, 720]"
57,GBM-Grade IV-9_2.jpg,GBM-Grade IV-9.jpg,1.6191845084399132,6.097652459909906,0.03992460911381381,2.486,28.561,117.828,[256 128  64  32  16   8   4],"[1, 4, 15, 51, 152, 378, 789]"
58,GBM-Grade IV-9_3.jpg,GBM-Grade IV-9.jpg,1.6618305849190536,6.696853886914638,0.043945004154435724,2.515,21.155,108.456,[256 128  64  32  16   8   4],"[1, 4, 16, 59, 184, 448, 890]"
59,GBM-Grade IV-9_4.jpg,GBM-Grade IV-9.jpg,1.5710982266412772,5.344669203827896,0.030608461826740086,2.35,35.346,128.64,[256 128  64  32  16   8   4],"[1, 4, 14, 43, 133, 320, 660]"
60,GBM-Grade IV-C10.jpg,GBM-Grade IV-C10.jpg,1.8519694707778331,6.427020558401992,0.03332190005494066,2.609,26.519,112.334,[256 128  64  32  16   8   4],"[1, 4, 16, 61, 222, 751, 2027]"
61,GBM-Grade IV-C10_0.jpg,GBM-Grade IV-C10.jpg,1.7164057918692561,6.551322482612152,0.033955138026357926,2.439,50.077,138.716,[256 128  64  32  16   8   4],"[1, 4, 16, 55, 182, 527, 1141]"
62,GBM-Grade IV-C10_1.jpg,GBM-Grade IV-C10.jpg,1.6678097675562813,5.942422006147328,0.031198712229579175,2.289,152.824,207.962,[256 128  64  32  16   8   4],"[1, 4, 15, 46, 148, 431, 999]"
63,GBM-Grade IV-C10_2.jpg,GBM-Grade IV-C10.jpg,1.6808103394260705,5.873266194165604,0.02944724005837051,2.5,35.264,125.544,[256 128  64  32  16   8   4],"[1, 4, 16, 54, 163, 463, 1025]"
64,GBM-Grade IV-C10_3.jpg,GBM-Grade IV-C10.jpg,1.730697932257414,6.621362198231805,0.03552898754674362,2.453,50.487,137.333,[256 128  64  32  16   8   4],"[1, 4, 16, 60, 189, 544, 1210]"
65,GBM-Grade IV-C10_4.jpg,GBM-Grade IV-C10.jpg,1.6920616023589534,6.311541952621696,0.03405702544078325,2.575,27.159,113.431,[256 128  64  32  16   8   4],"[1, 4, 16, 53, 165, 486, 1063]"
66,GBM-Grade IV-C3.jpg,GBM-Grade IV-C3.jpg,1.6217254859946928,5.927128081960458,0.03152462292208612,2.356,85.562,171.007,[256 128  64  32  16   8   4],"[1, 4, 16, 57, 169, 403, 758]"
67,GBM-Grade IV-C3_0.jpg,GBM-Grade IV-C3.jpg,1.3192117929820637,5.210362712608568,0.031181400933133933,2.295,45.459,138.996,[256 128  64  32  16   8   4],"[1, 4, 12, 30, 72, 149, 251]"
68,GBM-Grade IV-C3_1.jpg,GBM-Grade IV-C3.jpg,1.34515761316832,5.300829040012125,0.028236868100891162,2.299,28.191,121.888,[256 128  64  32  16   8   4],"[1, 4, 12, 32, 77, 159, 278]"
69,GBM-Grade IV-C3_2.jpg,GBM-Grade IV-C3.jpg,1.3970124372055128,6.247287029086118,0.0403380950842382,2.358,30.358,122.515,[256 128  64  32  16   8   4],"[1, 4, 15, 39, 95, 194, 342]"
70,GBM-Grade IV-C3_3.jpg,GBM-Grade IV-C3.jpg,1.3944370542592839,5.924749660554836,0.035719566805358684,2.354,48.242,141.057,[256 128  64  32  16   8   4],"[1, 4, 14, 38, 90, 192, 337]"
71,GBM-Grade IV-C3_4.jpg,GBM-Grade IV-C3.jpg,1.3673874128044574,6.715855393791375,0.04640095940840443,2.33,32.632,126.191,[256 128  64  32  16   8   4],"[1, 4, 16, 41, 94, 183, 301]"
72,GBM-Grade IV-C4.jpg,GBM-Grade IV-C4.jpg,1.860903625443865,6.174757654168048,0.039872465838665265,2.718,20.92,104.08,[256 128  64  32  16   8   4],"[1, 4, 16, 58, 209, 732, 2229]"
73,GBM-Grade IV-C4_0.jpg,GBM-Grade IV-C4.jpg,1.7031362337419163,5.894730907290921,0.03358359255435718,2.579,20.951,107.157,[256 128  64  32  16   8   4],"[1, 4, 14, 49, 163, 498, 1079]"
74,GBM-Grade IV-C4_1.jpg,GBM-Grade IV-C4.jpg,1.7810407496503782,6.719463298533786,0.04062852938742394,2.703,20.162,102.526,[256 128  64  32  16   8   4],"[1, 4, 16, 57, 205, 649, 1450]"
75,GBM-Grade IV-C4_2.jpg,GBM-Grade IV-C4.jpg,1.7187188319180258,5.664626796191522,0.027601327727660555,2.665,27.805,112.683,[256 128  64  32  16   8   4],"[1, 4, 14, 49, 168, 506, 1169]"
76,GBM-Grade IV-C4_3.jpg,GBM-Grade IV-C4.jpg,1.7804045160731914,6.6323924682566835,0.03773801944185685,2.694,19.542,102.235,[256 128  64  32  16   8   4],"[1, 4, 16, 58, 208, 641, 1449]"
77,GBM-Grade IV-C4_4.jpg,GBM-Grade IV-C4.jpg,1.7200142582244353,5.917983836068439,0.03536811611798938,2.7,21.328,104.286,[256 128  64  32  16   8   4],"[1, 4, 16, 51, 168, 530, 1195]"
78,GBM-Grade IV-C5.jpg,GBM-Grade IV-C5.jpg,1.8677969911812053,6.300809535201421,0.03555239537867781,2.564,22.62,109.232,[256 128  64  32  16   8   4],"[1, 4, 16, 59, 211, 766, 2254]"
79,GBM-Grade IV-C5_0.jpg,GBM-Grade IV-C5.jpg,1.769786451736127,6.584662040013171,0.03330774751588918,2.54,37.726,126.506,[256 128  64  32  16   8   4],"[1, 4, 16, 60, 208, 643, 1350]"
80,GBM-Grade IV-C5_1.jpg,GBM-Grade IV-C5.jpg,1.7893974162141717,6.805283697337128,0.03474793983130614,2.478,32.685,123.293,[256 128  64  32  16   8   4],"[1, 4, 16, 61, 218, 670, 1468]"
81,GBM-Grade IV-C5_2.jpg,GBM-Grade IV-C5.jpg,1.7741955375764282,6.585214517877753,0.03261600367844747,2.51,32.972,121.364,[256 128  64  32  16   8   4],"[1, 4, 16, 58, 202, 638, 1410]"
82,GBM-Grade IV-C5_3.jpg,GBM-Grade IV-C5.jpg,1.7479367057339743,6.621258708363539,0.032598799895204866,2.551,28.427,116.009,[256 128  64  32  16   8   4],"[1, 4, 16, 55, 199, 594, 1254]"
83,GBM-Grade IV-C5_4.jpg,GBM-Grade IV-C5.jpg,1.7047998046715744,5.8178901407447166,0.026830348417029422,2.641,26.721,111.942,[256 128  64  32  16   8   4],"[1, 4, 16, 48, 165, 514, 1112]"
84,GBM-Grade IV-C6.jpg,GBM-Grade IV-C6.jpg,1.859179082743045,5.92929170625494,0.03788660889983461,2.868,14.453,92.209,[256 128  64  32  16   8   4],"[1, 4, 16, 57, 202, 712, 2271]"
85,GBM-Grade IV-C6_0.jpg,GBM-Grade IV-C6.jpg,1.7916343043422736,5.866071504034858,0.034625596981992024,2.741,16.033,96.713,[256 128  64  32  16   8   4],"[1, 4, 16, 53, 180, 602, 1705]"
86,GBM-Grade IV-C6_1.jpg,GBM-Grade IV-C6.jpg,1.8628580008906197,6.903229024678162,0.04360203697830748,2.812,14.634,93.354,[256 128  64  32  16   8   4],"[1, 4, 16, 60, 217, 758, 2178]"
87,GBM-Grade IV-C6_2.jpg,GBM-Grade IV-C6.jpg,1.7913530707029404,5.959169729061148,0.035291745883134586,2.786,15.253,94.697,[256 128  64  32  16   8   4],"[1, 4, 15, 52, 180, 604, 1662]"
88,GBM-Grade IV-C6_3.jpg,GBM-Grade IV-C6.jpg,1.7705845872693948,5.522502879852805,0.03255151265169998,2.724,16.09,97.008,[256 128  64  32  16   8   4],"[1, 4, 15, 49, 167, 561, 1565]"
89,GBM-Grade IV-C6_4.jpg,GBM-Grade IV-C6.jpg,1.8191454517123373,6.389444475014177,0.0357269358212957,2.772,16.475,97.004,[256 128  64  32  16   8   4],"[1, 4, 15, 54, 194, 653, 1842]"
90,GBM-Grade IV-C7.jpg,GBM-Grade IV-C7.jpg,1.5567430694930435,6.203087008335379,0.031602538483741324,2.467,37.5,128.361,[256 128  64  32  16   8   4],"[1, 4, 16, 58, 168, 337, 562]"
91,GBM-Grade IV-C7_0.jpg,GBM-Grade IV-C7.jpg,1.3104895771360754,6.519732130720593,0.02655689664046595,2.388,47.002,138.99,[256 128  64  32  16   8   4],"[1, 4, 16, 37, 77, 145, 260]"
92,GBM-Grade IV-C7_1.jpg,GBM-Grade IV-C7.jpg,1.345269511246522,5.63486001234964,0.021151108825382126,2.388,53.632,145.453,[256 128  64  32  16   8   4],"[1, 4, 14, 38, 92, 159, 276]"
93,GBM-Grade IV-C7_2.jpg,GBM-Grade IV-C7.jpg,1.2667551212083688,5.23966655601829,0.01949577501049124,2.467,67.034,155.675,[256 128  64  32  16   8   4],"[1, 4, 12, 31, 66, 124, 208]"
94,GBM-Grade IV-C7_3.jpg,GBM-Grade IV-C7.jpg,1.2916367111552054,6.674709002759856,0.028940306827000866,2.478,50.558,139.773,[256 128  64  32  16   8   4],"[1, 4, 14, 40, 71, 131, 242]"
95,GBM-Grade IV-C7_4.jpg,GBM-Grade IV-C7.jpg,1.2796470597004774,5.288030729282203,0.019394948763393597,2.43,61.442,151.915,[256 128  64  32  16   8   4],"[1, 4, 14, 34, 70, 131, 225]"
96,GBM-Grade IV-C8.jpg,GBM-Grade IV-C8.jpg,1.6379974782676143,6.321192713604885,0.046527480345588915,2.537,37.123,125.915,[256 128  64  32  16   8   4],"[1, 4, 16, 59, 185, 438, 773]"
97,GBM-Grade IV-C8_0.jpg,GBM-Grade IV-C8.jpg,1.3838911127767044,6.107353988251478,0.03644250115927282,2.455,29.172,119.551,[256 128  64  32  16   8   4],"[1, 4, 15, 43, 106, 192, 305]"
98,GBM-Grade IV-C8_1.jpg,GBM-Grade IV-C8.jpg,1.3954923550170197,6.781682806818163,0.042058654461819334,2.425,37.713,129.572,[256 128  64  32  16   8   4],"[1, 4, 16, 47, 115, 203, 315]"
99,GBM-Grade IV-C8_2.jpg,GBM-Grade IV-C8.jpg,1.2982663301710735,6.285380347163663,0.038381993720382875,2.305,37.416,130.315,[256 128  64  32  16   8   4],"[1, 4, 15, 43, 89, 148, 221]"
100,GBM-Grade IV-C8_3.jpg,GBM-Grade IV-C8.jpg,1.399617749872504,6.424764517266899,0.043954152631175254,2.387,29.205,121.305,[256 128  64  32  16   8   4],"[1, 4, 14, 40, 100, 195, 333]"
101,GBM-Grade IV-C8_4.jpg,GBM-Grade IV-C8.jpg,1.3400911233185888,5.376239144006519,0.032205759509333506,2.423,29.37,120.517,[256 128  64  32  16   8   4],"[1, 4, 13, 37, 90, 163, 258]"
102,GBM-Grade IV-C9.jpg,GBM-Grade IV-C9.jpg,1.860415036289956,6.122941646759102,0.02992181356666189,2.542,20.64,106.991,[256 128  64  32  16   8   4],"[1, 4, 16, 59, 207, 739, 2215]"
103,GBM-Grade IV-C9_0.jpg,GBM-Grade IV-C9.jpg,1.690439518210551,5.521940108362301,0.01964374000526966,2.455,39.132,130.717,[256 128  64  32  16   8   4],"[1, 4, 14, 44, 158, 476, 1035]"
104,GBM-Grade IV-C9_1.jpg,GBM-Grade IV-C9.jpg,1.6957584577666345,5.612706998320895,0.017845840444846592,2.381,24.469,115.97,[256 128  64  32  16   8   4],"[1, 4, 14, 48, 159, 478, 1066]"
105,GBM-Grade IV-C9_2.jpg,GBM-Grade IV-C9.jpg,1.676700589827667,5.487028742861456,0.01678176281057019,2.36,30.879,123.504,[256 128  64  32  16   8   4],"[1, 4, 12, 42, 152, 450, 946]"
106,GBM-Grade IV-C9_3.jpg,GBM-Grade IV-C9.jpg,1.7231863511985996,6.008278409054016,0.021976545325660728,2.405,27.612,118.433,[256 128  64  32  16   8   4],"[1, 4, 16, 52, 178, 529, 1198]"
107,GBM-Grade IV-C9_4.jpg,GBM-Grade IV-C9.jpg,1.7044431142380567,5.9639386174466775,0.025598150766899357,2.478,29.34,119.225,[256 128  64  32  16   8   4],"[1, 4, 15, 46, 165, 500, 1106]"
108,GBM-Grade IV-D1.jpg,GBM-Grade IV-D1.jpg,1.874260320965151,6.312997818643614,0.019343731984372156,2.314,116.022,184.426,[256 128  64  32  16   8   4],"[1, 4, 16, 59, 224, 775, 2286]"
109,GBM-Grade IV-D1_0.jpg,GBM-Grade IV-D1.jpg,1.762198005675278,6.754125309169329,0.017997993215908416,2.405,39.379,131.229,[256 128  64  32  16   8   4],"[1, 4, 15, 56, 188, 573, 1405]"
110,GBM-Grade IV-D1_1.jpg,GBM-Grade IV-D1.jpg,1.7372908991727316,5.871168270997828,0.01414399795938652,2.095,293.971,275.331,[256 128  64  32  16   8   4],"[1, 4, 15, 53, 181, 528, 1279]"
111,GBM-Grade IV-D1_2.jpg,GBM-Grade IV-D1.jpg,1.7229267083795052,6.100992331565626,0.017215495662443164,2.231,50.746,145.354,[256 128  64  32  16   8   4],"[1, 4, 15, 53, 178, 509, 1201]"
112,GBM-Grade IV-D1_3.jpg,GBM-Grade IV-D1.jpg,1.7252227556242146,6.200691556942201,0.0158823502557389,2.356,41.223,134.095,[256 128  64  32  16   8   4],"[1, 4, 15, 51, 169, 511, 1237]"
113,GBM-Grade IV-D1_4.jpg,GBM-Grade IV-D1.jpg,1.7563747617170842,6.5529572544518375,0.015855783804159935,2.259,52.178,146.792,[256 128  64  32  16   8   4],"[1, 4, 15, 52, 187, 559, 1378]"
114,GBM-Grade IV-D10.jpg,GBM-Grade IV-D10.jpg,1.8063090063931508,6.408645578849404,0.02626915925970063,2.353,28.865,121.553,[256 128  64  32  16   8   4],"[1, 4, 16, 61, 222, 698, 1584]"
115,GBM-Grade IV-D10_0.jpg,GBM-Grade IV-D10.jpg,1.566224684937742,6.292781271188288,0.03473330143335542,2.341,36.433,131.105,[256 128  64  32  16   8   4],"[1, 4, 15, 54, 159, 341, 591]"
116,GBM-Grade IV-D10_1.jpg,GBM-Grade IV-D10.jpg,1.6328770784564304,6.964739403134588,0.04247271185790932,2.347,34.787,127.968,[256 128  64  32  16   8   4],"[1, 4, 16, 60, 194, 425, 751]"
117,GBM-Grade IV-D10_2.jpg,GBM-Grade IV-D10.jpg,1.5897107093717673,6.273862627121604,0.033932127106251944,2.332,38.457,133.273,[256 128  64  32  16   8   4],"[1, 4, 15, 53, 162, 362, 657]"
118,GBM-Grade IV-D10_3.jpg,GBM-Grade IV-D10.jpg,1.5930176500025934,6.310841439975303,0.034440830115841044,2.273,45.075,141.023,[256 128  64  32  16   8   4],"[1, 4, 16, 58, 166, 363, 679]"
119,GBM-Grade IV-D10_4.jpg,GBM-Grade IV-D10.jpg,1.5843489465772291,6.474390250233692,0.029947432188508868,2.413,45.007,135.769,[256 128  64  32  16   8   4],"[1, 4, 15, 51, 155, 345, 665]"
120,GBM-Grade IV-D2.jpg,GBM-Grade IV-D2.jpg,1.8186295230690004,6.018186016160331,0.023835264343315007,2.48,29.457,119.348,[256 128  64  32  16   8   4],"[1, 4, 16, 58, 210, 708, 1731]"
121,GBM-Grade IV-D2_0.jpg,GBM-Grade IV-D2.jpg,1.6629074725713149,6.3001635416173585,0.018247865811153226,2.346,36.932,130.81,[256 128  64  32  16   8   4],"[1, 4, 16, 59, 189, 452, 883]"
122,GBM-Grade IV-D2_1.jpg,GBM-Grade IV-D2.jpg,1.6261846886907636,5.945987407513858,0.016491323204081074,2.386,32.477,124.319,[256 128  64  32  16   8   4],"[1, 4, 14, 52, 156, 391, 782]"
123,GBM-Grade IV-D2_2.jpg,GBM-Grade IV-D2.jpg,1.6309263270211136,5.849608201435392,0.016143510835671466,2.396,35.719,127.392,[256 128  64  32  16   8   4],"[1, 4, 15, 50, 160, 409, 794]"
124,GBM-Grade IV-D2_3.jpg,GBM-Grade IV-D2.jpg,1.5798960653725282,5.612963517247268,0.015138885240809334,2.394,30.229,122.014,[256 128  64  32  16   8   4],"[1, 4, 13, 46, 141, 344, 637]"
125,GBM-Grade IV-D2_4.jpg,GBM-Grade IV-D2.jpg,1.58655384503415,5.145547857698607,0.014211475597985027,2.284,34.15,129.316,[256 128  64  32  16   8   4],"[1, 4, 14, 44, 135, 349, 685]"
126,GBM-Grade IV-D3.jpg,GBM-Grade IV-D3.jpg,1.8954419332352272,6.347257803325371,0.0294330388465056,2.627,20.933,106.348,[256 128  64  32  16   8   4],"[1, 4, 16, 61, 223, 805, 2560]"
127,GBM-Grade IV-D3_0.jpg,GBM-Grade IV-D3.jpg,1.7495688226191515,6.056374494982572,0.027890504545770273,2.474,43.194,134.281,[256 128  64  32  16   8   4],"[1, 4, 14, 50, 181, 555, 1309]"
128,GBM-Grade IV-D3_1.jpg,GBM-Grade IV-D3.jpg,1.7306044907957518,5.851205725693667,0.02061167732906708,2.522,23.769,111.859,[256 128  64  32  16   8   4],"[1, 4, 15, 49, 167, 530, 1255]"
129,GBM-Grade IV-D3_2.jpg,GBM-Grade IV-D3.jpg,1.7750340300388767,6.42015152287906,0.03068661778958839,2.505,26.648,114.644,[256 128  64  32  16   8   4],"[1, 4, 16, 57, 195, 610, 1478]"
130,GBM-Grade IV-D3_3.jpg,GBM-Grade IV-D3.jpg,1.735169869748864,5.762614366686478,0.021376293168484405,2.487,32.051,121.597,[256 128  64  32  16   8   4],"[1, 4, 16, 51, 171, 529, 1312]"
131,GBM-Grade IV-D3_4.jpg,GBM-Grade IV-D3.jpg,1.7860836450898947,6.25378457057119,0.023709784475938384,2.502,23.989,112.007,[256 128  64  32  16   8   4],"[1, 4, 16, 58, 203, 635, 1525]"
132,GBM-Grade IV-D4.jpg,GBM-Grade IV-D4.jpg,1.8983664547524717,6.063918215205714,0.031046396529785636,2.763,16.617,97.273,[256 128  64  32  16   8   4],"[1, 4, 16, 60, 214, 766, 2734]"
133,GBM-Grade IV-D4_0.jpg,GBM-Grade IV-D4.jpg,1.8709242720473698,6.3154192685703325,0.04013911226500086,2.919,13.076,89.232,[256 128  64  32  16   8   4],"[1, 4, 14, 52, 200, 736, 2300]"
134,GBM-Grade IV-D4_1.jpg,GBM-Grade IV-D4.jpg,1.8701603389315185,6.409496812290809,0.03406135781001557,2.884,13.697,90.872,[256 128  64  32  16   8   4],"[1, 4, 15, 54, 203, 739, 2324]"
135,GBM-Grade IV-D4_2.jpg,GBM-Grade IV-D4.jpg,1.8474664539302743,6.299767584157242,0.0351676102684332,2.8,15.695,95.052,[256 128  64  32  16   8   4],"[1, 4, 15, 52, 189, 693, 2145]"
136,GBM-Grade IV-D4_3.jpg,GBM-Grade IV-D4.jpg,1.8839972788119548,6.458188782048032,0.029498930587970762,2.768,16.004,96.333,[256 128  64  32  16   8   4],"[1, 4, 16, 57, 209, 779, 2483]"
137,GBM-Grade IV-D4_4.jpg,GBM-Grade IV-D4.jpg,1.8452666688200388,5.949739769869742,0.03389581862736557,2.889,13.575,90.409,[256 128  64  32  16   8   4],"[1, 4, 14, 51, 186, 681, 2102]"
138,GBM-Grade IV-D5.jpg,GBM-Grade IV-D5.jpg,1.887234521127242,6.066934658561029,0.018821868107839954,2.489,50.024,141.167,[256 128  64  32  16   8   4],"[1, 4, 16, 59, 210, 771, 2549]"
139,GBM-Grade IV-D5_0.jpg,GBM-Grade IV-D5.jpg,1.751380715251821,6.018098956551712,0.022498150014197124,2.466,23.599,112.723,[256 128  64  32  16   8   4],"[1, 4, 15, 51, 184, 599, 1281]"
140,GBM-Grade IV-D5_1.jpg,GBM-Grade IV-D5.jpg,1.74488697929638,5.622909110424121,0.01924065066855372,2.427,23.387,113.599,[256 128  64  32  16   8   4],"[1, 4, 14, 48, 167, 569, 1283]"
141,GBM-Grade IV-D5_2.jpg,GBM-Grade IV-D5.jpg,1.7476412779616937,5.9725702844635835,0.025228948362319484,2.457,25.294,115.287,[256 128  64  32  16   8   4],"[1, 4, 15, 52, 180, 603, 1254]"
142,GBM-Grade IV-D5_3.jpg,GBM-Grade IV-D5.jpg,1.8025597391271762,6.40863480903633,0.025706996316582267,2.471,23.303,112.711,[256 128  64  32  16   8   4],"[1, 4, 16, 57, 207, 701, 1578]"
143,GBM-Grade IV-D5_4.jpg,GBM-Grade IV-D5.jpg,1.7690979766349246,5.9368523546615855,0.021350481267514113,2.374,24.346,115.597,[256 128  64  32  16   8   4],"[1, 4, 15, 52, 184, 628, 1392]"
144,GBM-Grade IV-D6.jpg,GBM-Grade IV-D6.jpg,1.8706966973515162,5.559313987974715,0.013925566512102137,2.445,27.892,118.124,[256 128  64  32  16   8   4],"[1, 4, 16, 56, 198, 723, 2438]"
145,GBM-Grade IV-D6_0.jpg,GBM-Grade IV-D6.jpg,1.7990239814712932,5.766460094708,0.01846496954890018,2.546,30.701,118.485,[256 128  64  32  16   8   4],"[1, 4, 16, 54, 188, 643, 1687]"
146,GBM-Grade IV-D6_1.jpg,GBM-Grade IV-D6.jpg,1.7636538506671635,5.3700835485004275,0.016554604746437107,2.58,22.828,108.914,[256 128  64  32  16   8   4],"[1, 4, 14, 48, 173, 570, 1430]"
147,GBM-Grade IV-D6_2.jpg,GBM-Grade IV-D6.jpg,1.7140191002884098,4.917336962464091,0.013049323485705571,2.473,62.952,145.142,[256 128  64  32  16   8   4],"[1, 4, 14, 42, 146, 498, 1201]"
148,GBM-Grade IV-D6_3.jpg,GBM-Grade IV-D6.jpg,1.7868266838228506,5.877781133566172,0.018578075422482437,2.445,41.093,133.043,[256 128  64  32  16   8   4],"[1, 4, 16, 51, 186, 633, 1581]"
149,GBM-Grade IV-D6_4.jpg,GBM-Grade IV-D6.jpg,1.7615524222580652,5.506543785873227,0.01747127218059101,2.501,26.34,115.331,[256 128  64  32  16   8   4],"[1, 4, 15, 48, 171, 587, 1421]"
150,GBM-Grade IV-D7.jpg,GBM-Grade IV-D7.jpg,1.7893751659868797,6.03628698907,0.04480194242582843,2.531,46.006,136.251,[256 128  64  32  16   8   4],"[1, 4, 16, 60, 219, 678, 1454]"
151,GBM-Grade IV-D7_0.jpg,GBM-Grade IV-D7.jpg,1.5959633533619113,5.64382479278043,0.02856472858414787,2.211,77.618,170.008,[256 128  64  32  16   8   4],"[1, 4, 16, 51, 163, 382, 673]"
152,GBM-Grade IV-D7_1.jpg,GBM-Grade IV-D7.jpg,1.6213024791722552,5.831241617380423,0.029536139631766878,2.276,88.223,174.476,[256 128  64  32  16   8   4],"[1, 4, 15, 54, 171, 413, 725]"
153,GBM-Grade IV-D7_2.jpg,GBM-Grade IV-D7.jpg,1.6409291832613848,5.819628051618124,0.03102204711008638,2.229,76.06,169.735,[256 128  64  32  16   8   4],"[1, 4, 15, 53, 172, 429, 801]"
154,GBM-Grade IV-D7_3.jpg,GBM-Grade IV-D7.jpg,1.597219455491494,5.2028951354797,0.027959612865384516,2.237,69.694,164.376,[256 128  64  32  16   8   4],"[1, 4, 14, 44, 141, 373, 692]"
155,GBM-Grade IV-D7_4.jpg,GBM-Grade IV-D7.jpg,1.6089616965492735,5.220753517711681,0.027255475774516577,2.26,90.213,179.726,[256 128  64  32  16   8   4],"[1, 4, 16, 50, 159, 390, 728]"
156,GBM-Grade IV-D8.jpg,GBM-Grade IV-D8.jpg,1.7787958185584303,6.192317639234354,0.03189146993606057,2.434,41.93,132.052,[256 128  64  32  16   8   4],"[1, 4, 16, 62, 221, 658, 1381]"
157,GBM-Grade IV-D8_0.jpg,GBM-Grade IV-D8.jpg,1.568428106942103,5.78921912062319,0.026492213512859096,2.338,62.824,155.28,[256 128  64  32  16   8   4],"[1, 4, 16, 53, 157, 347, 608]"
158,GBM-Grade IV-D8_1.jpg,GBM-Grade IV-D8.jpg,1.5638450724792805,6.092616890880097,0.0279201201101305,2.408,40.771,132.594,[256 128  64  32  16   8   4],"[1, 4, 14, 52, 154, 333, 584]"
159,GBM-Grade IV-D8_2.jpg,GBM-Grade IV-D8.jpg,1.554197551140588,5.969592810520813,0.025873414315455447,2.39,45.376,136.73,[256 128  64  32  16   8   4],"[1, 4, 15, 53, 157, 342, 548]"
160,GBM-Grade IV-D8_3.jpg,GBM-Grade IV-D8.jpg,1.605979101550211,6.603786851483681,0.031303501847879944,2.301,55.759,150.017,[256 128  64  32  16   8   4],"[1, 4, 16, 59, 184, 391, 679]"
161,GBM-Grade IV-D8_4.jpg,GBM-Grade IV-D8.jpg,1.601856717209019,6.458670617147594,0.031134653695482604,2.386,44.6,136.87,[256 128  64  32  16   8   4],"[1, 4, 16, 59, 176, 391, 671]"
162,GBM-Grade IV-D9.jpg,GBM-Grade IV-D9.jpg,1.8286324679719124,6.159885139154605,0.02466078928789801,2.42,23.304,113.297,[256 128  64  32  16   8   4],"[1, 4, 16, 61, 216, 734, 1786]"
163,GBM-Grade IV-D9_0.jpg,GBM-Grade IV-D9.jpg,1.6011216648154423,5.456606169651041,0.020554048644897023,2.343,63.004,152.083,[256 128  64  32  16   8   4],"[1, 4, 15, 50, 149, 363, 726]"
164,GBM-Grade IV-D9_1.jpg,GBM-Grade IV-D9.jpg,1.684274940046809,6.28575016269818,0.023408464042965423,2.258,54.803,149.505,[256 128  64  32  16   8   4],"[1, 4, 16, 59, 190, 484, 967]"
165,GBM-Grade IV-D9_2.jpg,GBM-Grade IV-D9.jpg,1.656343247265925,6.3080986117381475,0.026224010094442238,2.386,50.436,142.93,[256 128  64  32  16   8   4],"[1, 4, 16, 53, 178, 440, 879]"
166,GBM-Grade IV-D9_3.jpg,GBM-Grade IV-D9.jpg,1.704186443811137,6.751023234284251,0.031126598615304715,2.359,56.453,147.865,[256 128  64  32  16   8   4],"[1, 4, 16, 62, 206, 519, 1022]"
167,GBM-Grade IV-D9_4.jpg,GBM-Grade IV-D9.jpg,1.5658413838513165,5.759495633319898,0.02356925322888666,2.257,81.582,171.086,[256 128  64  32  16   8   4],"[1, 4, 15, 47, 149, 338, 606]"
168,GBM-Grade IV-E1.jpg,GBM-Grade IV-E1.jpg,1.8336886483034394,6.03786928165483,0.012007806410883125,2.449,26.977,117.298,[256 128  64  32  16   8   4],"[1, 4, 16, 63, 220, 709, 1877]"
169,GBM-Grade IV-E1_0.jpg,GBM-Grade IV-E1.jpg,1.6318360257232434,6.044766099838695,0.015204123130603266,2.246,46.22,142.561,[256 128  64  32  16   8   4],"[1, 4, 15, 50, 149, 384, 853]"
170,GBM-Grade IV-E1_1.jpg,GBM-Grade IV-E1.jpg,1.6384462438766434,6.338227316896694,0.017842961531224288,2.285,37.144,132.469,[256 128  64  32  16   8   4],"[1, 4, 16, 55, 156, 404, 866]"
171,GBM-Grade IV-E1_2.jpg,GBM-Grade IV-E1.jpg,1.6666928782033676,5.975416733045589,0.015129829231032857,2.263,49.555,144.95,[256 128  64  32  16   8   4],"[1, 4, 15, 49, 153, 427, 987]"
172,GBM-Grade IV-E1_3.jpg,GBM-Grade IV-E1.jpg,1.7064866484398975,6.329649349303182,0.015935478334922055,2.256,59.057,153.751,[256 128  64  32  16   8   4],"[1, 4, 16, 57, 182, 485, 1131]"
173,GBM-Grade IV-E1_4.jpg,GBM-Grade IV-E1.jpg,1.7065445109185247,6.201123541097721,0.020543602393842477,2.548,23.753,111.063,[256 128  64  32  16   8   4],"[1, 4, 15, 52, 168, 482, 1142]"
174,GBM-Grade IV-E2.jpg,GBM-Grade IV-E2.jpg,1.6599030992580022,6.135227870650852,0.021311323706753933,2.287,39.401,135.027,[256 128  64  32  16   8   4],"[1, 4, 16, 61, 176, 437, 907]"
175,GBM-Grade IV-E2_0.jpg,GBM-Grade IV-E2.jpg,1.3941408086783715,6.289457885456947,0.022294003945478813,2.194,90.569,176.19,[256 128  64  32  16   8   4],"[1, 4, 15, 37, 91, 187, 349]"
176,GBM-Grade IV-E2_1.jpg,GBM-Grade IV-E2.jpg,1.4169766589321984,5.614191807558565,0.019060837462653735,2.116,93.578,180.049,[256 128  64  32  16   8   4],"[1, 4, 15, 34, 87, 196, 398]"
177,GBM-Grade IV-E2_2.jpg,GBM-Grade IV-E2.jpg,1.4639645779048043,5.808252334580274,0.02023783269387617,2.204,131.325,209.117,[256 128  64  32  16   8   4],"[1, 4, 14, 37, 94, 217, 480]"
178,GBM-Grade IV-E2_3.jpg,GBM-Grade IV-E2.jpg,1.3896862059796014,5.555894773742594,0.018898999766726033,2.156,73.554,165.121,[256 128  64  32  16   8   4],"[1, 4, 13, 33, 85, 174, 347]"
179,GBM-Grade IV-E2_4.jpg,GBM-Grade IV-E2.jpg,1.4616745596965044,5.8017466157988,0.019427804636457723,2.234,110.601,188.25,[256 128  64  32  16   8   4],"[1, 4, 13, 37, 96, 220, 454]"
180,GBM-Grade IV-E3.jpg,GBM-Grade IV-E3.jpg,1.8781130589221482,6.40759887993699,0.024418327712571644,2.454,30.796,121.628,[256 128  64  32  16   8   4],"[1, 4, 16, 62, 229, 810, 2259]"
181,GBM-Grade IV-E3_0.jpg,GBM-Grade IV-E3.jpg,1.6878134568251284,5.960106848134986,0.02311824631286638,2.563,29.34,116.624,[256 128  64  32  16   8   4],"[1, 4, 15, 52, 169, 474, 1021]"
182,GBM-Grade IV-E3_1.jpg,GBM-Grade IV-E3.jpg,1.7561196053424901,6.624725941321656,0.029608817752616323,2.521,32.986,122.077,[256 128  64  32  16   8   4],"[1, 4, 16, 57, 210, 600, 1290]"
183,GBM-Grade IV-E3_2.jpg,GBM-Grade IV-E3.jpg,1.744904222289256,6.745517566900586,0.027127451852257907,2.447,30.514,121.056,[256 128  64  32  16   8   4],"[1, 4, 16, 60, 213, 576, 1227]"
184,GBM-Grade IV-E3_3.jpg,GBM-Grade IV-E3.jpg,1.6877632039021162,5.941638115139807,0.02542720017974252,2.452,26.814,117.201,[256 128  64  32  16   8   4],"[1, 4, 16, 52, 170, 478, 1035]"
185,GBM-Grade IV-E3_4.jpg,GBM-Grade IV-E3.jpg,1.711028076151186,6.6191931016781895,0.031179163935726575,2.513,25.2,113.845,[256 128  64  32  16   8   4],"[1, 4, 16, 57, 197, 525, 1076]"
186,GBM-Grade IV-E4.jpg,GBM-Grade IV-E4.jpg,1.8757678975272096,6.209206144080115,0.022724006121411032,2.562,27.948,115.206,[256 128  64  32  16   8   4],"[1, 4, 16, 59, 217, 781, 2321]"
187,GBM-Grade IV-E4_0.jpg,GBM-Grade IV-E4.jpg,1.7813976112982528,6.279896881943694,0.023548205621662568,2.638,22.354,107.01,[256 128  64  32  16   8   4],"[1, 4, 15, 52, 189, 600, 1540]"
188,GBM-Grade IV-E4_1.jpg,GBM-Grade IV-E4.jpg,1.8245104740949003,6.717718136074356,0.03341807865582778,2.593,21.412,106.761,[256 128  64  32  16   8   4],"[1, 4, 16, 59, 216, 707, 1783]"
189,GBM-Grade IV-E4_2.jpg,GBM-Grade IV-E4.jpg,1.8296165294884594,6.800900265850011,0.03204210931548604,2.609,22.114,107.109,[256 128  64  32  16   8   4],"[1, 4, 16, 60, 217, 714, 1828]"
190,GBM-Grade IV-E4_3.jpg,GBM-Grade IV-E4.jpg,1.7375665108407963,5.785377961703464,0.02848927805798092,2.747,18.67,100.287,[256 128  64  32  16   8   4],"[1, 4, 14, 45, 161, 519, 1317]"
191,GBM-Grade IV-E4_4.jpg,GBM-Grade IV-E4.jpg,1.7416147482707265,6.047690672875853,0.02801668119945583,2.635,22.708,107.081,[256 128  64  32  16   8   4],"[1, 4, 15, 49, 174, 532, 1326]"
192,GBM-Grade IV-E7.jpg,GBM-Grade IV-E7.jpg,1.891212682468149,5.995839545014262,0.025808580979175134,2.78,21.417,103.449,[256 128  64  32  16   8   4],"[1, 4, 16, 59, 207, 761, 2651]"
193,GBM-Grade IV-E7_0.jpg,GBM-Grade IV-E7.jpg,1.855456736669281,6.129298918189338,0.016897385983594873,2.606,25.115,111.616,[256 128  64  32  16   8   4],"[1, 4, 16, 54, 201, 732, 2180]"
194,GBM-Grade IV-E7_1.jpg,GBM-Grade IV-E7.jpg,1.7887602371775129,5.333393567211218,0.015699982879337,2.548,29.345,117.356,[256 128  64  32  16   8   4],"[1, 4, 16, 50, 168, 596, 1724]"
195,GBM-Grade IV-E7_2.jpg,GBM-Grade IV-E7.jpg,1.8533298295758003,6.29586312386268,0.02187276628479992,2.665,20.325,103.88,[256 128  64  32  16   8   4],"[1, 4, 16, 54, 203, 729, 2149]"
196,GBM-Grade IV-E7_3.jpg,GBM-Grade IV-E7.jpg,1.818016596204375,5.909824935491026,0.016939535155958984,2.486,29.802,119.075,[256 128  64  32  16   8   4],"[1, 4, 15, 53, 191, 652, 1840]"
197,GBM-Grade IV-E7_4.jpg,GBM-Grade IV-E7.jpg,1.7930181505613068,5.535177528482929,0.01895345297756104,2.564,26.644,111.787,[256 128  64  32  16   8   4],"[1, 4, 14, 48, 168, 596, 1695]"
198,GBM-Grade IV-E8.jpg,GBM-Grade IV-E8.jpg,1.9136859931633652,6.2373507908802805,0.028277389484277337,2.73,22.957,106.422,[256 128  64  32  16   8   4],"[1, 4, 16, 60, 215, 805, 2916]"
199,GBM-Grade IV-E8_0.jpg,GBM-Grade IV-E8.jpg,1.8143320318823597,5.740733964947053,0.02224848428733601,2.633,24.48,110.237,[256 128  64  32  16   8   4],"[1, 4, 15, 46, 170, 631, 1909]"
200,GBM-Grade IV-E8_1.jpg,GBM-Grade IV-E8.jpg,1.8671137131932447,6.223814811379751,0.0259371251510261,2.623,19.401,103.935,[256 128  64  32  16   8   4],"[1, 4, 16, 54, 205, 747, 2304]"
201,GBM-Grade IV-E8_2.jpg,GBM-Grade IV-E8.jpg,1.811275795969683,5.603161030541212,0.022992635187673964,2.607,21.542,107.21,[256 128  64  32  16   8   4],"[1, 4, 15, 50, 171, 620, 1890]"
202,GBM-Grade IV-E8_3.jpg,GBM-Grade IV-E8.jpg,1.8445641317081714,6.089099323965036,0.02150784636793895,2.643,22.313,106.995,[256 128  64  32  16   8   4],"[1, 4, 16, 53, 194, 700, 2118]"
203,GBM-Grade IV-E8_4.jpg,GBM-Grade IV-E8.jpg,1.8087456526504022,5.657595607728821,0.02583936576134118,2.708,19.225,101.727,[256 128  64  32  16   8   4],"[1, 4, 14, 46, 171, 619, 1819]"
204,GBM-Grade IV-F1.jpg,GBM-Grade IV-F1.jpg,1.8984040706103076,6.456069745783578,0.03563205586396754,2.682,20.852,104.165,[256 128  64  32  16   8   4],"[1, 4, 16, 62, 228, 790, 2623]"
205,GBM-Grade IV-F1_0.jpg,GBM-Grade IV-F1.jpg,1.793630144765323,5.878909199031986,0.022958661056927312,2.697,20.667,103.69,[256 128  64  32  16   8   4],"[1, 4, 15, 52, 176, 587, 1732]"
206,GBM-Grade IV-F1_1.jpg,GBM-Grade IV-F1.jpg,1.7636828773385074,5.546706896462598,0.021068169006333633,2.449,32.302,122.568,[256 128  64  32  16   8   4],"[1, 4, 11, 42, 146, 505, 1514]"
207,GBM-Grade IV-F1_2.jpg,GBM-Grade IV-F1.jpg,1.83723729373635,6.408543185661437,0.027270257282699897,2.676,20.98,104.484,[256 128  64  32  16   8   4],"[1, 4, 16, 58, 205, 685, 2012]"
208,GBM-Grade IV-F1_3.jpg,GBM-Grade IV-F1.jpg,1.8336974541324742,6.359018140807308,0.0256168694156069,2.689,22.427,106.02,[256 128  64  32  16   8   4],"[1, 4, 16, 60, 204, 673, 1993]"
209,GBM-Grade IV-F1_4.jpg,GBM-Grade IV-F1.jpg,1.8388122620039529,6.325583948997927,0.025436645202772962,2.642,21.133,105.198,[256 128  64  32  16   8   4],"[1, 4, 16, 58, 201, 685, 2046]"
210,GBM-Grade IV-F10.jpg,GBM-Grade IV-F10.jpg,1.9033304669390607,6.4717119200218285,0.049984271053832116,2.974,12.441,87.09,[256 128  64  32  16   8   4],"[1, 4, 16, 59, 217, 793, 2746]"
211,GBM-Grade IV-F10_0.jpg,GBM-Grade IV-F10.jpg,1.8292917475822437,6.180008444151025,0.04086610270562631,2.82,14.854,93.299,[256 128  64  32  16   8   4],"[1, 4, 16, 53, 187, 673, 1994]"
212,GBM-Grade IV-F10_1.jpg,GBM-Grade IV-F10.jpg,1.8250980669334822,6.189986311915839,0.04112623221602883,2.905,13.482,90.038,[256 128  64  32  16   8   4],"[1, 4, 15, 49, 183, 657, 1944]"
213,GBM-Grade IV-F10_2.jpg,GBM-Grade IV-F10.jpg,1.8409999297807809,6.237230776778961,0.043676780852988664,2.918,13.281,89.482,[256 128  64  32  16   8   4],"[1, 4, 16, 54, 188, 684, 2124]"
214,GBM-Grade IV-F10_3.jpg,GBM-Grade IV-F10.jpg,1.8621564543098266,6.4897146621002895,0.04696488101218947,2.898,13.144,89.394,[256 128  64  32  16   8   4],"[1, 4, 16, 55, 203, 733, 2267]"
215,GBM-Grade IV-F10_4.jpg,GBM-Grade IV-F10.jpg,1.8118528409517736,5.85869795171024,0.03775722616195204,2.847,14.708,92.749,[256 128  64  32  16   8   4],"[1, 4, 15, 48, 171, 622, 1893]"
216,GBM-Grade IV-F2.jpg,GBM-Grade IV-F2.jpg,1.8705154328525517,6.058934858176985,0.020931356841824882,2.42,59.642,151.134,[256 128  64  32  16   8   4],"[1, 4, 16, 59, 211, 763, 2300]"
217,GBM-Grade IV-F2_0.jpg,GBM-Grade IV-F2.jpg,1.6807396528074263,5.356538606331404,0.011176581385988803,2.334,61.081,152.935,[256 128  64  32  16   8   4],"[1, 4, 12, 42, 148, 441, 993]"
218,GBM-Grade IV-F2_1.jpg,GBM-Grade IV-F2.jpg,1.6673999608105359,5.097729078393331,0.011067923036141923,2.393,57.555,148.215,[256 128  64  32  16   8   4],"[1, 4, 14, 43, 150, 438, 959]"
219,GBM-Grade IV-F2_2.jpg,GBM-Grade IV-F2.jpg,1.6580242842612885,5.040133940532311,0.01061886821227873,2.306,74.802,165.01,[256 128  64  32  16   8   4],"[1, 4, 13, 43, 149, 426, 899]"
220,GBM-Grade IV-F2_3.jpg,GBM-Grade IV-F2.jpg,1.6813364658495171,5.407737349350043,0.011775065702789328,2.394,64.043,153.411,[256 128  64  32  16   8   4],"[1, 4, 15, 46, 162, 458, 1016]"
221,GBM-Grade IV-F2_4.jpg,GBM-Grade IV-F2.jpg,1.874760509807811,6.772300906860572,0.017702583001860037,2.3,73.339,165.457,[256 128  64  32  16   8   4],"[1, 4, 16, 63, 243, 848, 2102]"
222,GBM-Grade IV-F3.jpg,GBM-Grade IV-F3.jpg,1.8893424813403021,6.292766309927131,0.024726207206550332,2.545,26.258,113.738,[256 128  64  32  16   8   4],"[1, 4, 16, 61, 220, 807, 2468]"
223,GBM-Grade IV-F3_0.jpg,GBM-Grade IV-F3.jpg,1.8084406596419014,6.614995028349096,0.01861445141936592,2.399,28.739,120.435,[256 128  64  32  16   8   4],"[1, 4, 16, 62, 236, 747, 1504]"
224,GBM-Grade IV-F3_1.jpg,GBM-Grade IV-F3.jpg,1.715161229668936,5.430006167631261,0.017478770595302194,2.476,23.64,112.748,[256 128  64  32  16   8   4],"[1, 4, 15, 49, 174, 541, 1105]"
225,GBM-Grade IV-F3_2.jpg,GBM-Grade IV-F3.jpg,1.7960969285681556,6.568686445939749,0.02067155892533786,2.462,24.457,114.246,[256 128  64  32  16   8   4],"[1, 4, 16, 61, 230, 718, 1438]"
226,GBM-Grade IV-F3_3.jpg,GBM-Grade IV-F3.jpg,1.6958918542317798,5.668257142302555,0.016144814887914177,2.437,27.149,118.023,[256 128  64  32  16   8   4],"[1, 4, 15, 50, 179, 517, 996]"
227,GBM-Grade IV-F3_4.jpg,GBM-Grade IV-F3.jpg,1.7123350331471137,5.4173797701965345,0.014076488553810617,2.46,38.071,129.504,[256 128  64  32  16   8   4],"[1, 4, 16, 51, 176, 542, 1103]"
228,GBM-Grade IV-F4.jpg,GBM-Grade IV-F4.jpg,1.8881771820769766,6.121745633522808,0.02320560860997712,2.485,43.476,134.874,[256 128  64  32  16   8   4],"[1, 4, 16, 60, 218, 805, 2461]"
229,GBM-Grade IV-F4_0.jpg,GBM-Grade IV-F4.jpg,1.7150501998897,5.333963255906413,0.022970882810227102,2.588,26.04,112.403,[256 128  64  32  16   8   4],"[1, 4, 14, 43, 157, 515, 1154]"
230,GBM-Grade IV-F4_1.jpg,GBM-Grade IV-F4.jpg,1.774028168362062,5.921501136942574,0.018796586086149036,2.458,26.168,115.69,[256 128  64  32  16   8   4],"[1, 4, 16, 58, 198, 642, 1412]"
231,GBM-Grade IV-F4_2.jpg,GBM-Grade IV-F4.jpg,1.7521620620118208,5.433834087497962,0.016106480221095863,2.493,30.916,121.389,[256 128  64  32  16   8   4],"[1, 4, 15, 51, 175, 585, 1330]"
232,GBM-Grade IV-F4_3.jpg,GBM-Grade IV-F4.jpg,1.7508160113765787,5.527040646321432,0.01633723575798948,2.376,30.73,122.353,[256 128  64  32  16   8   4],"[1, 4, 14, 50, 175, 570, 1311]"
233,GBM-Grade IV-F4_4.jpg,GBM-Grade IV-F4.jpg,1.7481961247248106,5.510114227541562,0.018507641562709832,2.463,22.801,112.032,[256 128  64  32  16   8   4],"[1, 4, 16, 51, 177, 588, 1315]"
234,GBM-Grade IV-F5.jpg,GBM-Grade IV-F5.jpg,1.8861749587804566,6.0190001511023015,0.01677902035979875,2.38,60.411,152.488,[256 128  64  32  16   8   4],"[1, 4, 16, 61, 222, 792, 2441]"
235,GBM-Grade IV-F5_0.jpg,GBM-Grade IV-F5.jpg,1.7709504440050696,6.213791834415975,0.028611211999161452,2.668,23.257,107.166,[256 128  64  32  16   8   4],"[1, 4, 16, 56, 198, 589, 1466]"
236,GBM-Grade IV-F5_1.jpg,GBM-Grade IV-F5.jpg,1.729391245054909,5.522541919974764,0.025405675260333906,2.593,38.726,124.92,[256 128  64  32  16   8   4],"[1, 4, 15, 48, 165, 511, 1281]"
237,GBM-Grade IV-F5_2.jpg,GBM-Grade IV-F5.jpg,1.7829190353129754,6.515934102194562,0.034814154678789164,2.511,36.181,124.736,[256 128  64  32  16   8   4],"[1, 4, 16, 55, 205, 639, 1483]"
238,GBM-Grade IV-F5_3.jpg,GBM-Grade IV-F5.jpg,1.7070943728067483,5.354007749709022,0.025569789909408277,2.471,35.722,127.228,[256 128  64  32  16   8   4],"[1, 4, 14, 47, 157, 470, 1165]"
239,GBM-Grade IV-F5_4.jpg,GBM-Grade IV-F5.jpg,1.702895448715952,5.581900934241733,0.024560416702619065,2.625,34.017,119.039,[256 128  64  32  16   8   4],"[1, 4, 15, 45, 157, 475, 1152]"
240,GBM-Grade IV-F6.jpg,GBM-Grade IV-F6.jpg,1.8903434029987323,5.609634003344494,0.011805678362461984,2.372,38.052,129.997,[256 128  64  32  16   8   4],"[1, 4, 16, 58, 216, 790, 2535]"
241,GBM-Grade IV-F6_0.jpg,GBM-Grade IV-F6.jpg,1.8267073495642216,5.841099743659254,0.014346821803407898,2.485,45.184,135.174,[256 128  64  32  16   8   4],"[1, 4, 16, 57, 208, 693, 1856]"
242,GBM-Grade IV-F6_1.jpg,GBM-Grade IV-F6.jpg,1.8045190083373803,5.437909302392361,0.01427759813728865,2.502,36.013,124.535,[256 128  64  32  16   8   4],"[1, 4, 12, 46, 179, 624, 1647]"
243,GBM-Grade IV-F6_2.jpg,GBM-Grade IV-F6.jpg,1.8192726235406174,5.727169614806133,0.014463322545512532,2.491,43.732,132.207,[256 128  64  32  16   8   4],"[1, 4, 15, 52, 198, 683, 1777]"
244,GBM-Grade IV-F6_3.jpg,GBM-Grade IV-F6.jpg,1.8047860860940093,6.079131810450733,0.013529880016407574,2.351,43.816,136.241,[256 128  64  32  16   8   4],"[1, 4, 15, 55, 202, 670, 1628]"
245,GBM-Grade IV-F6_4.jpg,GBM-Grade IV-F6.jpg,1.76742663791978,5.089709363462463,0.013085511858923225,2.595,27.163,113.789,[256 128  64  32  16   8   4],"[1, 4, 14, 45, 164, 563, 1504]"
246,GBM-Grade IV-F7.jpg,GBM-Grade IV-F7.jpg,1.8026463544576203,5.962958030731828,0.02380072683176454,2.337,29.8,122.747,[256 128  64  32  16   8   4],"[1, 4, 16, 58, 206, 673, 1625]"
247,GBM-Grade IV-F7_0.jpg,GBM-Grade IV-F7.jpg,1.6253852745099713,5.776775102013792,0.030828490424397174,2.424,39.198,131.544,[256 128  64  32  16   8   4],"[1, 4, 15, 50, 158, 393, 790]"
248,GBM-Grade IV-F7_1.jpg,GBM-Grade IV-F7.jpg,1.6679291939726002,6.345118082330983,0.029489391678057603,2.494,35.914,124.283,[256 128  64  32  16   8   4],"[1, 4, 16, 54, 186, 455, 913]"
249,GBM-Grade IV-F7_2.jpg,GBM-Grade IV-F7.jpg,1.6594519910364407,6.250213714546649,0.02276613674738947,2.242,34.949,129.524,[256 128  64  32  16   8   4],"[1, 4, 15, 54, 178, 449, 866]"
250,GBM-Grade IV-F7_3.jpg,GBM-Grade IV-F7.jpg,1.6359603634501563,5.704650820803459,0.01983235723945656,2.288,32.845,127.717,[256 128  64  32  16   8   4],"[1, 4, 15, 48, 159, 409, 822]"
251,GBM-Grade IV-F7_4.jpg,GBM-Grade IV-F7.jpg,1.6786695021190814,6.123431743226134,0.02259943451260346,2.219,32.515,128.419,[256 128  64  32  16   8   4],"[1, 4, 15, 56, 177, 470, 953]"
252,GBM-Grade IV-F8.jpg,GBM-Grade IV-F8.jpg,1.726851848987706,5.447640890134215,0.023753529537028376,2.437,29.102,120.275,[256 128  64  32  16   8   4],"[1, 4, 16, 52, 169, 507, 1284]"
253,GBM-Grade IV-F8_0.jpg,GBM-Grade IV-F8.jpg,1.6325662573626387,5.629870466391454,0.028259371523242843,2.381,41.288,133.349,[256 128  64  32  16   8   4],"[1, 4, 15, 48, 140, 388, 869]"
254,GBM-Grade IV-F8_1.jpg,GBM-Grade IV-F8.jpg,1.5916132295870045,5.47132203240181,0.0239716905664608,2.431,25.965,116.247,[256 128  64  32  16   8   4],"[1, 4, 15, 43, 120, 339, 768]"
255,GBM-Grade IV-F8_2.jpg,GBM-Grade IV-F8.jpg,1.6040221765156542,5.539325168712091,0.023801261895678598,2.353,45.38,139.085,[256 128  64  32  16   8   4],"[1, 4, 16, 46, 130, 363, 791]"
256,GBM-Grade IV-F8_3.jpg,GBM-Grade IV-F8.jpg,1.6105560978906401,5.809056452529776,0.02620148891881943,2.35,43.68,136.281,[256 128  64  32  16   8   4],"[1, 4, 16, 49, 133, 369, 810]"
257,GBM-Grade IV-F8_4.jpg,GBM-Grade IV-F8.jpg,1.5584982031457153,5.378825608747039,0.02598384154330547,2.432,29.476,120.341,[256 128  64  32  16   8   4],"[1, 4, 15, 42, 121, 308, 659]"
258,GBM-Grade IV-F9.jpg,GBM-Grade IV-F9.jpg,1.889287909353746,6.2738142444648535,0.038424143132794436,2.853,14.833,93.123,[256 128  64  32  16   8   4],"[1, 4, 16, 59, 211, 771, 2579]"
259,GBM-Grade IV-F9_0.jpg,GBM-Grade IV-F9.jpg,1.7695570626180896,5.890289323926101,0.03668221619202135,2.881,14.15,91.34,[256 128  64  32  16   8   4],"[1, 4, 14, 47, 167, 573, 1498]"
260,GBM-Grade IV-F9_1.jpg,GBM-Grade IV-F9.jpg,1.8753414801618649,6.89816841367274,0.04920266337267962,2.878,14.893,92.154,[256 128  64  32  16   8   4],"[1, 4, 16, 59, 220, 796, 2275]"
261,GBM-Grade IV-F9_2.jpg,GBM-Grade IV-F9.jpg,1.810721917054449,6.099827811238627,0.04426780098083616,2.902,13.983,90.579,[256 128  64  32  16   8   4],"[1, 4, 15, 51, 184, 645, 1790]"
262,GBM-Grade IV-F9_3.jpg,GBM-Grade IV-F9.jpg,1.7772661749822734,5.559275983827239,0.03760942234329464,2.909,13.478,89.923,[256 128  64  32  16   8   4],"[1, 4, 14, 46, 165, 579, 1570]"
263,GBM-Grade IV-F9_4.jpg,GBM-Grade IV-F9.jpg,1.7404403286747387,4.944344214317021,0.028538194186984847,2.775,18.504,99.708,[256 128  64  32  16   8   4],"[1, 4, 12, 41, 141, 496, 1373]"
264,GBM-Grade IV-G1.jpg,GBM-Grade IV-G1.jpg,1.8883908563619243,6.109643559764431,0.016530359419446028,2.388,71.923,161.967,[256 128  64  32  16   8   4],"[1, 4, 16, 59, 210, 782, 2544]"
265,GBM-Grade IV-G1_0.jpg,GBM-Grade IV-G1.jpg,1.7592515318165707,6.266510712721196,0.020908032626579674,2.407,24.06,114.581,[256 128  64  32  16   8   4],"[1, 4, 15, 52, 195, 608, 1309]"
266,GBM-Grade IV-G1_1.jpg,GBM-Grade IV-G1.jpg,1.7190292466198351,5.777795585558384,0.019674176056533724,2.539,20.586,107.175,[256 128  64  32  16   8   4],"[1, 4, 15, 49, 174, 541, 1133]"
267,GBM-Grade IV-G1_2.jpg,GBM-Grade IV-G1.jpg,1.7153303844209091,5.737191436065562,0.021093389601524987,2.476,25.262,113.963,[256 128  64  32  16   8   4],"[1, 4, 12, 44, 161, 508, 1099]"
268,GBM-Grade IV-G1_3.jpg,GBM-Grade IV-G1.jpg,1.707001982955322,5.724022646190617,0.020926206969927995,2.549,22.156,108.972,[256 128  64  32  16   8   4],"[1, 4, 14, 47, 162, 508, 1094]"
269,GBM-Grade IV-G1_4.jpg,GBM-Grade IV-G1.jpg,1.7357437200969723,6.038743353117673,0.022020539527953582,2.449,25.75,115.722,[256 128  64  32  16   8   4],"[1, 4, 13, 49, 178, 551, 1180]"
270,GBM-Grade IV-G10.jpg,GBM-Grade IV-G10.jpg,1.8335477798133688,6.17174100015746,0.02462569016341911,2.379,27.048,118.544,[256 128  64  32  16   8   4],"[1, 4, 16, 61, 212, 730, 1862]"
271,GBM-Grade IV-G10_0.jpg,GBM-Grade IV-G10.jpg,1.5737079359752815,6.068031566557491,0.031667340732611626,2.502,43.784,134.0,[256 128  64  32  16   8   4],"[1, 4, 16, 56, 169, 360, 599]"
272,GBM-Grade IV-G10_1.jpg,GBM-Grade IV-G10.jpg,1.602522170188614,6.651073317763277,0.027361524126434816,2.515,33.807,122.504,[256 128  64  32  16   8   4],"[1, 4, 16, 58, 183, 402, 653]"
273,GBM-Grade IV-G10_2.jpg,GBM-Grade IV-G10.jpg,1.5688732249102189,5.709753968349602,0.027270037972905257,2.436,58.73,150.13,[256 128  64  32  16   8   4],"[1, 4, 16, 52, 155, 356, 602]"
274,GBM-Grade IV-G10_3.jpg,GBM-Grade IV-G10.jpg,1.578830631709935,5.981228808472274,0.03162745403349812,2.461,43.3,133.288,[256 128  64  32  16   8   4],"[1, 4, 16, 55, 161, 369, 619]"
275,GBM-Grade IV-G10_4.jpg,GBM-Grade IV-G10.jpg,1.5250975149158181,6.054596552860538,0.026952909841216646,2.497,40.091,130.49,[256 128  64  32  16   8   4],"[1, 4, 14, 51, 149, 310, 482]"
276,GBM-Grade IV-G2.jpg,GBM-Grade IV-G2.jpg,1.754054339954243,5.9724695120102655,0.022942075424772095,2.455,27.616,116.935,[256 128  64  32  16   8   4],"[1, 4, 16, 61, 210, 595, 1280]"
277,GBM-Grade IV-G2_0.jpg,GBM-Grade IV-G2.jpg,1.6287210653773978,6.045852307757261,0.021263468541464742,2.402,32.832,124.72,[256 128  64  32  16   8   4],"[1, 4, 16, 56, 172, 408, 782]"
278,GBM-Grade IV-G2_1.jpg,GBM-Grade IV-G2.jpg,1.5571104098939519,5.58898918093633,0.020282828706193582,2.196,106.87,193.79,[256 128  64  32  16   8   4],"[1, 4, 15, 49, 149, 320, 594]"
279,GBM-Grade IV-G2_2.jpg,GBM-Grade IV-G2.jpg,1.5724692589262232,5.2700631361582975,0.016934684436437142,2.332,43.811,137.25,[256 128  64  32  16   8   4],"[1, 4, 14, 46, 138, 328, 647]"
280,GBM-Grade IV-G2_3.jpg,GBM-Grade IV-G2.jpg,1.5578860405488515,5.649345687484766,0.01659976771895444,2.281,31.744,126.363,[256 128  64  32  16   8   4],"[1, 4, 15, 46, 143, 325, 599]"
281,GBM-Grade IV-G2_4.jpg,GBM-Grade IV-G2.jpg,1.5822991581446921,5.792873559572179,0.02591928266874069,2.454,38.702,129.265,[256 128  64  32  16   8   4],"[1, 4, 16, 51, 148, 348, 677]"
282,GBM-Grade IV-G3.jpg,GBM-Grade IV-G3.jpg,1.6106440887710032,6.11650058442185,0.0216299700818436,2.398,24.205,114.718,[256 128  64  32  16   8   4],"[1, 4, 16, 59, 184, 390, 701]"
283,GBM-Grade IV-G3_0.jpg,GBM-Grade IV-G3.jpg,1.4176918345383025,5.2289584209701365,0.017104154600863727,2.262,171.831,221.007,[256 128  64  32  16   8   4],"[1, 4, 13, 41, 93, 192, 378]"
284,GBM-Grade IV-G3_1.jpg,GBM-Grade IV-G3.jpg,1.4361262806051085,5.816077954934021,0.018242200889027685,2.345,51.769,143.256,[256 128  64  32  16   8   4],"[1, 4, 16, 42, 105, 213, 409]"
285,GBM-Grade IV-G3_2.jpg,GBM-Grade IV-G3.jpg,1.361459025923659,5.814850049240998,0.020353414281461438,2.149,172.777,233.989,[256 128  64  32  16   8   4],"[1, 4, 14, 33, 77, 166, 316]"
286,GBM-Grade IV-G3_3.jpg,GBM-Grade IV-G3.jpg,1.2799617114710493,5.946184244426359,0.022311314651145654,2.411,89.316,171.354,[256 128  64  32  16   8   4],"[1, 4, 15, 34, 69, 130, 233]"
287,GBM-Grade IV-G3_4.jpg,GBM-Grade IV-G3.jpg,1.333148188597698,5.62167267215035,0.020440942211990457,2.162,172.27,238.275,[256 128  64  32  16   8   4],"[1, 4, 14, 33, 74, 151, 284]"
288,GBM-Grade IV-G4.jpg,GBM-Grade IV-G4.jpg,1.4102468522346208,5.9471517675510555,0.02144994725404193,2.384,26.482,116.854,[256 128  64  32  16   8   4],"[1, 4, 16, 55, 129, 214, 322]"
289,GBM-Grade IV-G4_0.jpg,GBM-Grade IV-G4.jpg,1.1933037863121025,5.246664185920014,0.022361892256946035,2.213,128.519,206.249,[256 128  64  32  16   8   4],"[1, 4, 12, 28, 54, 96, 164]"
290,GBM-Grade IV-G4_1.jpg,GBM-Grade IV-G4.jpg,1.2300085678336619,5.300914518184492,0.019408974311377242,2.237,144.638,211.976,[256 128  64  32  16   8   4],"[1, 4, 15, 36, 67, 113, 187]"
291,GBM-Grade IV-G4_2.jpg,GBM-Grade IV-G4.jpg,1.1563567436532152,5.625407381691515,0.0261433370528514,2.304,70.232,161.865,[256 128  64  32  16   8   4],"[1, 4, 14, 29, 52, 87, 147]"
292,GBM-Grade IV-G4_3.jpg,GBM-Grade IV-G4.jpg,1.1983598962750053,5.63649146361367,0.023371897886269234,2.227,127.162,210.329,[256 128  64  32  16   8   4],"[1, 4, 12, 27, 55, 99, 165]"
293,GBM-Grade IV-G4_4.jpg,GBM-Grade IV-G4.jpg,1.1996998950878437,5.935987922058969,0.026122907431032284,2.136,137.68,217.041,[256 128  64  32  16   8   4],"[1, 4, 15, 35, 60, 100, 173]"
294,GBM-Grade IV-G5.jpg,GBM-Grade IV-G5.jpg,1.8442229446300789,6.0653560871599534,0.019869981309913933,2.274,151.819,222.506,[256 128  64  32  16   8   4],"[1, 4, 16, 60, 219, 762, 1918]"
295,GBM-Grade IV-G5_0.jpg,GBM-Grade IV-G5.jpg,1.6272423883209557,5.837386658653872,0.019427999618852602,2.357,26.218,117.685,[256 128  64  32  16   8   4],"[1, 4, 15, 51, 164, 405, 774]"
296,GBM-Grade IV-G5_1.jpg,GBM-Grade IV-G5.jpg,1.6414040628872404,5.624713347431846,0.012794643329858881,2.023,241.049,280.849,[256 128  64  32  16   8   4],"[1, 4, 15, 50, 162, 415, 838]"
297,GBM-Grade IV-G5_2.jpg,GBM-Grade IV-G5.jpg,1.6764144336531472,6.238006729543324,0.01588850954890711,2.15,95.401,188.582,[256 128  64  32  16   8   4],"[1, 4, 16, 58, 183, 473, 945]"
298,GBM-Grade IV-G5_3.jpg,GBM-Grade IV-G5.jpg,1.6637702273289905,6.241212362197653,0.015827875666022492,2.243,86.336,176.189,[256 128  64  32  16   8   4],"[1, 4, 16, 56, 183, 464, 882]"
299,GBM-Grade IV-G5_4.jpg,GBM-Grade IV-G5.jpg,1.6439319008829407,5.777286167624391,0.013226593720546739,2.245,116.585,196.989,[256 128  64  32  16   8   4],"[1, 4, 16, 55, 169, 427, 842]"
300,GBM-Grade IV-G6.jpg,GBM-Grade IV-G6.jpg,1.8043253920573128,5.781422240969967,0.017266052599082628,2.234,239.813,262.071,[256 128  64  32  16   8   4],"[1, 4, 16, 59, 209, 688, 1611]"
301,GBM-Grade IV-G6_0.jpg,GBM-Grade IV-G6.jpg,1.5991908067285445,5.172946005802586,0.014844128298204636,2.268,54.706,149.518,[256 128  64  32  16   8   4],"[1, 4, 15, 48, 143, 357, 735]"
302,GBM-Grade IV-G6_1.jpg,GBM-Grade IV-G6.jpg,1.6456446077579003,6.232176873262878,0.02832581431362866,2.477,27.872,117.495,[256 128  64  32  16   8   4],"[1, 4, 15, 55, 171, 427, 830]"
303,GBM-Grade IV-G6_2.jpg,GBM-Grade IV-G6.jpg,1.6244216040499748,5.872653455488578,0.01885993303210838,2.329,34.639,129.463,[256 128  64  32  16   8   4],"[1, 4, 15, 54, 167, 389, 776]"
304,GBM-Grade IV-G6_3.jpg,GBM-Grade IV-G6.jpg,1.6378376911697985,6.293135237046876,0.027133560089517055,2.46,26.353,115.345,[256 128  64  32  16   8   4],"[1, 4, 16, 55, 174, 415, 817]"
305,GBM-Grade IV-G6_4.jpg,GBM-Grade IV-G6.jpg,1.6299688862671968,5.8265341879922135,0.023850697463011807,2.494,25.612,114.229,[256 128  64  32  16   8   4],"[1, 4, 15, 53, 160, 394, 809]"
306,GBM-Grade IV-G7.jpg,GBM-Grade IV-G7.jpg,1.9018868153259634,5.755662836551877,0.017002916238425144,2.652,20.98,105.669,[256 128  64  32  16   8   4],"[1, 4, 16, 60, 210, 763, 2822]"
307,GBM-Grade IV-G7_0.jpg,GBM-Grade IV-G7.jpg,1.8700244517286622,6.025503372995035,0.01777873995830221,2.589,28.334,115.767,[256 128  64  32  16   8   4],"[1, 4, 16, 56, 204, 736, 2375]"
308,GBM-Grade IV-G7_1.jpg,GBM-Grade IV-G7.jpg,1.789987636244915,5.311696293053215,0.015550214156114898,2.677,25.253,109.831,[256 128  64  32  16   8   4],"[1, 4, 15, 47, 162, 582, 1749]"
309,GBM-Grade IV-G7_2.jpg,GBM-Grade IV-G7.jpg,1.8735099601398562,6.177114742656431,0.01819851268509038,2.632,25.86,111.585,[256 128  64  32  16   8   4],"[1, 4, 16, 59, 207, 763, 2360]"
310,GBM-Grade IV-G7_3.jpg,GBM-Grade IV-G7.jpg,1.7922723176789153,5.039851475377285,0.013224953293678874,2.624,27.022,112.699,[256 128  64  32  16   8   4],"[1, 4, 15, 48, 159, 586, 1778]"
311,GBM-Grade IV-G7_4.jpg,GBM-Grade IV-G7.jpg,1.7836564330610085,5.026042445438255,0.015929135079971856,2.624,24.844,109.94,[256 128  64  32  16   8   4],"[1, 4, 14, 47, 156, 553, 1719]"
312,GBM-Grade IV-G8.jpg,GBM-Grade IV-G8.jpg,1.8714833472761396,5.624496917640036,0.013650231505592797,2.391,27.182,118.15,[256 128  64  32  16   8   4],"[1, 4, 16, 57, 203, 733, 2408]"
313,GBM-Grade IV-G8_0.jpg,GBM-Grade IV-G8.jpg,1.7900473331806883,5.981944081876064,0.016827789610040243,2.418,50.495,140.256,[256 128  64  32  16   8   4],"[1, 4, 16, 53, 193, 651, 1565]"
314,GBM-Grade IV-G8_1.jpg,GBM-Grade IV-G8.jpg,1.7731166982866278,5.500510328840469,0.01640209736776546,2.353,62.679,153.473,[256 128  64  32  16   8   4],"[1, 4, 15, 51, 174, 581, 1533]"
315,GBM-Grade IV-G8_2.jpg,GBM-Grade IV-G8.jpg,1.9207341646312066,6.628869963559117,0.01775764233846293,2.408,51.402,139.861,[256 128  64  32  16   8   4],"[1, 4, 16, 62, 239, 884, 2768]"
316,GBM-Grade IV-G8_3.jpg,GBM-Grade IV-G8.jpg,1.7792373331011424,5.658162115823533,0.014588207836011977,2.439,48.978,138.783,[256 128  64  32  16   8   4],"[1, 4, 15, 51, 182, 597, 1543]"
317,GBM-Grade IV-G8_4.jpg,GBM-Grade IV-G8.jpg,1.7425722052001567,5.387671864551185,0.013601177192289753,2.412,56.82,146.484,[256 128  64  32  16   8   4],"[1, 4, 15, 48, 171, 538, 1332]"
318,GBM-Grade IV-G9.jpg,GBM-Grade IV-G9.jpg,1.8577430996043287,6.118846473678381,0.02471017357005972,2.583,26.329,111.775,[256 128  64  32  16   8   4],"[1, 4, 16, 59, 205, 732, 2198]"
319,GBM-Grade IV-G9_0.jpg,GBM-Grade IV-G9.jpg,1.6070401570646637,5.657646163414183,0.02778905073918124,2.37,34.19,127.646,[256 128  64  32  16   8   4],"[1, 4, 14, 43, 136, 371, 749]"
320,GBM-Grade IV-G9_1.jpg,GBM-Grade IV-G9.jpg,1.7080832391978584,6.151069614782866,0.03147749331822926,2.61,30.311,116.287,[256 128  64  32  16   8   4],"[1, 4, 14, 50, 170, 493, 1106]"
321,GBM-Grade IV-G9_2.jpg,GBM-Grade IV-G9.jpg,1.704832814917587,5.987403438708683,0.02870468230234601,2.599,31.189,116.607,[256 128  64  32  16   8   4],"[1, 4, 15, 50, 166, 495, 1114]"
322,GBM-Grade IV-G9_3.jpg,GBM-Grade IV-G9.jpg,1.6959337418394411,5.695949922469983,0.027357244830860696,2.625,28.604,113.991,[256 128  64  32  16   8   4],"[1, 4, 13, 45, 155, 466, 1068]"
323,GBM-Grade IV-G9_4.jpg,GBM-Grade IV-G9.jpg,1.72773322246465,6.2724847980637355,0.02978856264117922,2.552,28.62,116.591,[256 128  64  32  16   8   4],"[1, 4, 16, 56, 180, 545, 1205]"
324,Normal cebellum-1.jpg,Normal cebellum-1.jpg,1.6347613701604307,5.580142593522195,0.007426870005701011,2.104,109.557,196.383,[256 128  64  32  16   8   4],"[1, 4, 16, 60, 185, 422, 776]"
325,Normal cebellum-1_0.jpg,Normal cebellum-1.jpg,1.4718753955374275,5.809310188530306,0.013960650559796487,2.369,50.954,138.934,[256 128  64  32  16   8   4],"[1, 4, 15, 43, 113, 232, 465]"
326,Normal cebellum-1_1.jpg,Normal cebellum-1.jpg,1.4939374822841824,6.117969543477088,0.010978238484685474,1.964,201.508,260.912,[256 128  64  32  16   8   4],"[1, 4, 16, 50, 128, 261, 486]"
327,Normal cebellum-1_2.jpg,Normal cebellum-1.jpg,1.466675971465254,5.906761806336872,0.011726414999012811,2.095,124.748,207.581,[256 128  64  32  16   8   4],"[1, 4, 16, 49, 126, 236, 438]"
328,Normal cebellum-1_3.jpg,Normal cebellum-1.jpg,1.464782313673994,6.046428473823923,0.011740079964011805,1.992,207.2,255.013,[256 128  64  32  16   8   4],"[1, 4, 16, 50, 117, 238, 441]"
329,Normal cebellum-1_4.jpg,Normal cebellum-1.jpg,1.4721193510471342,5.807476106807972,0.012675683752933924,2.235,88.977,177.465,[256 128  64  32  16   8   4],"[1, 4, 16, 51, 120, 240, 456]"
330,Normal cebellum-10.jpg,Normal cebellum-10.jpg,1.6344593717381442,5.4729173642395885,0.009934461208757114,1.727,755.307,512.485,[256 128  64  32  16   8   4],"[1, 4, 16, 57, 189, 439, 749]"
331,Normal cebellum-10_0.jpg,Normal cebellum-10.jpg,1.4048733235506918,6.0410043233801,0.01601142926099048,2.255,38.316,133.983,[256 128  64  32  16   8   4],"[1, 4, 16, 41, 101, 191, 364]"
332,Normal cebellum-10_1.jpg,Normal cebellum-10.jpg,1.3305858209398709,6.1713928005192065,0.015664051962907953,2.282,32.482,127.254,[256 128  64  32  16   8   4],"[1, 4, 15, 40, 87, 156, 265]"
333,Normal cebellum-10_2.jpg,Normal cebellum-10.jpg,1.4078625950967276,6.358795913142641,0.014248630737714594,2.047,118.348,198.99,[256 128  64  32  16   8   4],"[1, 4, 15, 44, 95, 190, 372]"
334,Normal cebellum-10_3.jpg,Normal cebellum-10.jpg,1.4084791117197386,6.184879437583846,0.012438441240577913,1.933,176.81,241.964,[256 128  64  32  16   8   4],"[1, 4, 15, 43, 100, 199, 356]"
335,Normal cebellum-10_4.jpg,Normal cebellum-10.jpg,1.3140181878105004,5.307936014574228,0.011905144032236876,2.302,33.487,127.066,[256 128  64  32  16   8   4],"[1, 4, 12, 34, 72, 140, 253]"
336,Normal cebellum-2.jpg,Normal cebellum-2.jpg,1.5075221962122947,5.777918776392277,0.01542167064595204,2.17,79.219,173.837,[256 128  64  32  16   8   4],"[1, 4, 16, 56, 140, 277, 495]"
337,Normal cebellum-2_0.jpg,Normal cebellum-2.jpg,1.320605411936567,5.634325881292664,0.014903581201998799,2.158,41.548,140.829,[256 128  64  32  16   8   4],"[1, 4, 16, 41, 74, 146, 280]"
338,Normal cebellum-2_1.jpg,Normal cebellum-2.jpg,1.31402461483477,5.533975312619643,0.014872093986083343,2.185,120.608,197.485,[256 128  64  32  16   8   4],"[1, 4, 15, 36, 70, 144, 270]"
339,Normal cebellum-2_2.jpg,Normal cebellum-2.jpg,1.3065602223954431,5.443183069245709,0.014963237381469782,2.047,211.803,259.168,[256 128  64  32  16   8   4],"[1, 4, 14, 34, 67, 133, 269]"
340,Normal cebellum-2_3.jpg,Normal cebellum-2.jpg,1.2626173853894969,5.497255544027849,0.012122034766446082,2.211,49.8,145.117,[256 128  64  32  16   8   4],"[1, 4, 15, 32, 63, 118, 229]"
341,Normal cebellum-2_4.jpg,Normal cebellum-2.jpg,1.3167829469117345,6.602321202278544,0.018811995666456787,2.231,43.18,138.457,[256 128  64  32  16   8   4],"[1, 4, 15, 41, 79, 144, 264]"
342,Normal cebellum-3.jpg,Normal cebellum-3.jpg,1.7121135600121626,5.2264779067424065,0.007458559913683594,1.705,525.152,400.471,[256 128  64  32  16   8   4],"[1, 4, 16, 59, 193, 520, 1098]"
343,Normal cebellum-3_0.jpg,Normal cebellum-3.jpg,1.535271732377875,5.141762396587708,0.01371892162771229,2.107,140.283,218.499,[256 128  64  32  16   8   4],"[1, 4, 14, 43, 119, 282, 591]"
344,Normal cebellum-3_1.jpg,Normal cebellum-3.jpg,1.5160662716679552,4.844019051534364,0.007122909889845744,2.033,340.995,308.91,[256 128  64  32  16   8   4],"[1, 4, 11, 36, 105, 255, 537]"
345,Normal cebellum-3_2.jpg,Normal cebellum-3.jpg,1.5345349675243223,5.5189609423941555,0.012102673384825914,2.307,35.453,129.788,[256 128  64  32  16   8   4],"[1, 4, 15, 44, 118, 281, 605]"
346,Normal cebellum-3_3.jpg,Normal cebellum-3.jpg,1.5580461640547527,5.555390752987458,0.014430933601930502,2.254,68.312,156.927,[256 128  64  32  16   8   4],"[1, 4, 15, 43, 124, 305, 656]"
347,Normal cebellum-3_4.jpg,Normal cebellum-3.jpg,1.5849381571559533,5.557394535028797,0.011073652776447953,2.304,66.689,156.454,[256 128  64  32  16   8   4],"[1, 4, 16, 46, 134, 329, 739]"
348,Normal cebellum-4.jpg,Normal cebellum-4.jpg,1.8055883385882265,5.050812105854227,0.007976906697887108,2.242,48.001,144.365,[256 128  64  32  16   8   4],"[1, 4, 15, 56, 192, 656, 1688]"
349,Normal cebellum-4_0.jpg,Normal cebellum-4.jpg,1.6991388236931897,5.472402763505579,0.015639382335376234,2.297,63.5,154.228,[256 128  64  32  16   8   4],"[1, 4, 15, 49, 170, 491, 1071]"
350,Normal cebellum-4_1.jpg,Normal cebellum-4.jpg,1.6655118113669427,4.855556021543858,0.006333938671759093,1.97,138.598,207.403,[256 128  64  32  16   8   4],"[1, 4, 14, 47, 153, 436, 944]"
351,Normal cebellum-4_2.jpg,Normal cebellum-4.jpg,1.6538300476040642,5.133960297956247,0.013222832016906636,2.108,200.493,244.841,[256 128  64  32  16   8   4],"[1, 4, 13, 44, 145, 416, 897]"
352,Normal cebellum-4_3.jpg,Normal cebellum-4.jpg,1.653770756334489,4.653531846415901,0.009256640724682214,2.069,134.802,210.261,[256 128  64  32  16   8   4],"[1, 4, 14, 45, 142, 411, 933]"
353,Normal cebellum-4_4.jpg,Normal cebellum-4.jpg,1.6908459491472636,5.752392920677661,0.019820280158905385,2.376,35.059,126.964,[256 128  64  32  16   8   4],"[1, 4, 16, 52, 176, 489, 1028]"
354,Normal cebellum-5.jpg,Normal cebellum-5.jpg,1.511834715427691,4.9132705069821885,0.011227918809112725,1.923,315.051,323.231,[256 128  64  32  16   8   4],"[1, 4, 16, 49, 118, 265, 555]"
355,Normal cebellum-5_0.jpg,Normal cebellum-5.jpg,1.3870941487161321,5.2083295841278225,0.01736277295784606,2.095,269.422,271.152,[256 128  64  32  16   8   4],"[1, 4, 13, 31, 74, 175, 356]"
356,Normal cebellum-5_1.jpg,Normal cebellum-5.jpg,1.4584957490739379,5.520374520246119,0.018316717903017136,2.1,234.394,264.139,[256 128  64  32  16   8   4],"[1, 4, 14, 39, 92, 221, 461]"
357,Normal cebellum-5_2.jpg,Normal cebellum-5.jpg,1.343649719414517,4.3838325007241545,0.010236556489480166,2.11,199.559,228.231,[256 128  64  32  16   8   4],"[1, 4, 12, 29, 63, 145, 313]"
358,Normal cebellum-5_3.jpg,Normal cebellum-5.jpg,1.3837729302735176,4.927260954724066,0.012601201072229338,2.274,29.547,124.627,[256 128  64  32  16   8   4],"[1, 4, 14, 30, 74, 168, 367]"
359,Normal cebellum-5_4.jpg,Normal cebellum-5.jpg,1.381113331384602,5.401769486307858,0.014877425291190176,2.255,31.17,126.733,[256 128  64  32  16   8   4],"[1, 4, 14, 31, 73, 174, 354]"
360,Normal cebellum-6.jpg,Normal cebellum-6.jpg,1.6116438237727884,4.303099471038808,0.010698192551452088,2.197,227.75,242.027,[256 128  64  32  16   8   4],"[1, 4, 16, 54, 158, 367, 773]"
361,Normal cebellum-6_0.jpg,Normal cebellum-6.jpg,1.4903266354698526,4.408425632541957,0.01678314889824663,2.126,246.669,278.683,[256 128  64  32  16   8   4],"[1, 4, 15, 43, 107, 249, 509]"
362,Normal cebellum-6_1.jpg,Normal cebellum-6.jpg,1.469785295166284,3.9215104685734095,0.00771841123391054,2.157,118.352,188.247,[256 128  64  32  16   8   4],"[1, 4, 15, 40, 105, 227, 477]"
363,Normal cebellum-6_2.jpg,Normal cebellum-6.jpg,1.4911577831236114,4.009646717648626,0.00836792039914606,2.113,327.361,271.01,[256 128  64  32  16   8   4],"[1, 4, 14, 39, 99, 247, 516]"
364,Normal cebellum-6_3.jpg,Normal cebellum-6.jpg,1.4902875160104379,4.028901294223944,0.008697988760920075,1.949,136.51,213.806,[256 128  64  32  16   8   4],"[1, 4, 15, 44, 107, 246, 513]"
365,Normal cebellum-6_4.jpg,Normal cebellum-6.jpg,1.501734094126958,4.558565004457739,0.008516778381585072,1.948,190.323,246.699,[256 128  64  32  16   8   4],"[1, 4, 16, 45, 113, 253, 544]"
366,Normal cebellum-7.jpg,Normal cebellum-7.jpg,1.725848702670863,4.290558581755795,0.00804868904097951,2.199,106.802,185.895,[256 128  64  32  16   8   4],"[1, 4, 16, 57, 187, 537, 1187]"
367,Normal cebellum-7_0.jpg,Normal cebellum-7.jpg,1.6563576973458578,4.7328209535986865,0.017047594389462038,2.364,84.258,159.694,[256 128  64  32  16   8   4],"[1, 4, 14, 49, 154, 406, 931]"
368,Normal cebellum-7_1.jpg,Normal cebellum-7.jpg,1.6423482991021292,4.660966496104844,0.013050343157169911,2.402,98.697,172.934,[256 128  64  32  16   8   4],"[1, 4, 15, 45, 149, 399, 890]"
369,Normal cebellum-7_2.jpg,Normal cebellum-7.jpg,1.6368106682512844,4.700063736420849,0.018044731659646672,2.394,34.139,126.933,[256 128  64  32  16   8   4],"[1, 4, 13, 45, 146, 379, 853]"
370,Normal cebellum-7_3.jpg,Normal cebellum-7.jpg,1.667136455512006,4.865667357076744,0.01589093061558148,2.407,78.959,158.677,[256 128  64  32  16   8   4],"[1, 4, 15, 51, 167, 434, 951]"
371,Normal cebellum-7_4.jpg,Normal cebellum-7.jpg,1.64425488167583,4.743611985188021,0.015979779804676967,2.472,78.37,153.876,[256 128  64  32  16   8   4],"[1, 4, 16, 50, 153, 402, 908]"
372,Normal cebellum-8.jpg,Normal cebellum-8.jpg,1.6156131072385966,5.2624552231638955,0.007947439144289296,2.118,169.9,226.196,[256 128  64  32  16   8   4],"[1, 4, 16, 56, 188, 421, 683]"
373,Normal cebellum-8_0.jpg,Normal cebellum-8.jpg,1.3961244513047548,5.071789077660647,0.013641490302606682,2.23,40.521,136.835,[256 128  64  32  16   8   4],"[1, 4, 14, 45, 107, 189, 325]"
374,Normal cebellum-8_1.jpg,Normal cebellum-8.jpg,1.3989589571340277,5.973751396120974,0.014774034044505528,2.077,95.867,186.527,[256 128  64  32  16   8   4],"[1, 4, 16, 51, 114, 194, 333]"
375,Normal cebellum-8_2.jpg,Normal cebellum-8.jpg,1.37996749957832,5.784107501757897,0.01411657660190097,2.111,120.24,200.418,[256 128  64  32  16   8   4],"[1, 4, 16, 46, 105, 189, 308]"
376,Normal cebellum-8_3.jpg,Normal cebellum-8.jpg,1.4152941731018909,5.476943975802601,0.012413524666751254,2.122,144.89,214.795,[256 128  64  32  16   8   4],"[1, 4, 16, 50, 117, 203, 356]"
377,Normal cebellum-8_4.jpg,Normal cebellum-8.jpg,1.3976893366041119,5.900948821433518,0.01404609769438291,2.076,103.54,190.953,[256 128  64  32  16   8   4],"[1, 4, 16, 53, 105, 197, 336]"
378,Normal cebellum-9.jpg,Normal cebellum-9.jpg,1.6139830807049789,5.743308499134872,0.011924749269474382,1.983,270.054,294.986,[256 128  64  32  16   8   4],"[1, 4, 16, 57, 175, 401, 715]"
379,Normal cebellum-9_0.jpg,Normal cebellum-9.jpg,1.3733062614624894,5.299896871849276,0.014934048408069556,2.105,101.793,181.954,[256 128  64  32  16   8   4],"[1, 4, 15, 41, 91, 174, 320]"
380,Normal cebellum-9_1.jpg,Normal cebellum-9.jpg,1.3250816489962047,5.528237749945793,0.01631199472956744,2.27,53.206,146.276,[256 128  64  32  16   8   4],"[1, 4, 14, 34, 82, 148, 264]"
381,Normal cebellum-9_2.jpg,Normal cebellum-9.jpg,1.3211079987515002,5.209672085647605,0.016863186619394635,2.2,79.946,169.39,[256 128  64  32  16   8   4],"[1, 4, 13, 33, 76, 145, 261]"
382,Normal cebellum-9_3.jpg,Normal cebellum-9.jpg,1.3120209918820673,5.370832234743682,0.015170490853572246,2.115,103.645,182.027,[256 128  64  32  16   8   4],"[1, 4, 15, 35, 77, 145, 257]"
383,Normal cebellum-9_4.jpg,Normal cebellum-9.jpg,1.3398377405998008,5.033002319950023,0.015682681497252545,2.028,310.427,300.163,[256 128  64  32  16   8   4],"[1, 4, 12, 34, 77, 151, 278]"
